
INSERT INTO user_ (ID,Created_at,deleted,Email,PASSWORD,modified_at,locked,granted_authorities,created_by,domain_id,subscription,version) VALUES(838330249904129,CURRENT_TIMESTAMP,0,'haolinwei2015@gmail.com','$2a$10$AWv./gLENRDp7ghJbawG1uSYa0Qlf4xwaaMW8LHwcEOBdVOB6UPZW',CURRENT_TIMESTAMP,false,'ROLE_ROOT,ROLE_ADMIN,ROLE_USER','script','0U8AZTODP4H0',true,0);
INSERT INTO user_ (ID,Created_at,deleted,Email,PASSWORD,modified_at,locked,granted_authorities,created_by,domain_id,subscription,version) VALUES(838330249904130,CURRENT_TIMESTAMP,0,'haolinwei2017@gmail.com','$2a$10$AWv./gLENRDp7ghJbawG1uSYa0Qlf4xwaaMW8LHwcEOBdVOB6UPZW',CURRENT_TIMESTAMP,false,'ROLE_ADMIN,ROLE_USER','script','0U8AZTODP4H1',false,0);
INSERT INTO user_ (ID,Created_at,deleted,Email,PASSWORD,modified_at,locked,granted_authorities,created_by,domain_id,subscription,version) VALUES(838330249904131,CURRENT_TIMESTAMP,0,'haolinwei2018@gmail.com','$2a$10$AWv./gLENRDp7ghJbawG1uSYa0Qlf4xwaaMW8LHwcEOBdVOB6UPZW',CURRENT_TIMESTAMP,false,'ROLE_USER','script','0U8AZTODP4H2',false,0);

INSERT INTO oauthDB.client(id, created_at, created_by, deleted, deleted_at, deleted_by, modified_at, modified_by, restored_at, restored_by, version, accessible_, auto_approve, redirect_urls, domain_id, description, grant_types, name, authorities, scopes, secret, access_token_validity_seconds, refresh_token_validity_seconds)VALUES(843498099048450, '2020-12-25 02:22:27', '0', 0, NULL, '', '2021-03-23 20:48:07', '0U8AZTODP4H0', NULL, '', 1, 1, 0, NULL, '0C8AZTODP4HT', '', 'CLIENT_CREDENTIALS', 'access', 'ROLE_TRUST,ROLE_FIRST_PARTY,ROLE_BACKEND,ROLE_ROOT', 'READ,TRUST,WRITE', '$2a$12$3ke5rpx81DFfYlLXpQW6TOvTw2W8OkG.p5oFOmFsnmh7LVp11khna', 120, 0);
INSERT INTO oauthDB.client(id, created_at, created_by, deleted, deleted_at, deleted_by, modified_at, modified_by, restored_at, restored_by, version, accessible_, auto_approve, redirect_urls, domain_id, description, grant_types, name, authorities, scopes, secret, access_token_validity_seconds, refresh_token_validity_seconds)VALUES(843498099048451, '2020-12-25 02:22:27', '0', 0, NULL, '', '2020-12-25 02:22:27', '0', NULL, '', 0, 1, 0, NULL, '0C8AZTODP4H0', '', 'CLIENT_CREDENTIALS', 'eventStore', 'ROLE_TRUST,ROLE_FIRST_PARTY,ROLE_BACKEND,ROLE_ROOT', 'READ,TRUST,WRITE', '$2a$12$3ke5rpx81DFfYlLXpQW6TOvTw2W8OkG.p5oFOmFsnmh7LVp11khna', 122, 0);
INSERT INTO oauthDB.client(id, created_at, created_by, deleted, deleted_at, deleted_by, modified_at, modified_by, restored_at, restored_by, version, accessible_, auto_approve, redirect_urls, domain_id, description, grant_types, name, authorities, scopes, secret, access_token_validity_seconds, refresh_token_validity_seconds)VALUES(843498099048452, '2020-12-25 02:22:27', '0', 0, NULL, '', '2020-12-25 02:22:27', '0', NULL, '', 0, 1, 0, NULL, '0C8AZTODP4H1', '', 'CLIENT_CREDENTIALS', 'sagaOrchestrator', 'ROLE_TRUST,ROLE_FIRST_PARTY,ROLE_BACKEND', 'READ,TRUST,WRITE', '$2a$12$3ke5rpx81DFfYlLXpQW6TOvTw2W8OkG.p5oFOmFsnmh7LVp11khna', 121, 0);
INSERT INTO oauthDB.client(id, created_at, created_by, deleted, deleted_at, deleted_by, modified_at, modified_by, restored_at, restored_by, version, accessible_, auto_approve, redirect_urls, domain_id, description, grant_types, name, authorities, scopes, secret, access_token_validity_seconds, refresh_token_validity_seconds)VALUES(843498099048453, '2020-12-25 02:22:27', '0', 0, NULL, '', '2020-12-25 02:22:27', '0', NULL, '', 0, 1, 0, NULL, '0C8AZTODP4H2', '', 'CLIENT_CREDENTIALS', 'bbsBackend', 'ROLE_TRUST,ROLE_FIRST_PARTY,ROLE_BACKEND', 'TRUST', '$2a$12$3ke5rpx81DFfYlLXpQW6TOvTw2W8OkG.p5oFOmFsnmh7LVp11khna', 120, 0);
INSERT INTO oauthDB.client(id, created_at, created_by, deleted, deleted_at, deleted_by, modified_at, modified_by, restored_at, restored_by, version, accessible_, auto_approve, redirect_urls, domain_id, description, grant_types, name, authorities, scopes, secret, access_token_validity_seconds, refresh_token_validity_seconds)VALUES(843498099048454, '2020-12-25 02:22:27', '0', 0, NULL, '', '2020-12-25 02:22:27', '0', NULL, '', 0, 1, 0, NULL, '0C8AZTODP4H3', '', 'CLIENT_CREDENTIALS', 'payment', 'ROLE_TRUST,ROLE_FIRST_PARTY,ROLE_BACKEND', 'TRUST', '$2a$12$3ke5rpx81DFfYlLXpQW6TOvTw2W8OkG.p5oFOmFsnmh7LVp11khna', 120, 0);
INSERT INTO oauthDB.client(id, created_at, created_by, deleted, deleted_at, deleted_by, modified_at, modified_by, restored_at, restored_by, version, accessible_, auto_approve, redirect_urls, domain_id, description, grant_types, name, authorities, scopes, secret, access_token_validity_seconds, refresh_token_validity_seconds)VALUES(843498099048455, '2020-12-25 02:22:27', '0', 0, NULL, '', '2021-03-23 20:48:24', '0U8AZTODP4H0', NULL, '', 1, 1, 0, NULL, '0C8AZTODP4H4', 'provide oauth2 A&A', 'CLIENT_CREDENTIALS', 'fileUpload', 'ROLE_TRUST,ROLE_FIRST_PARTY,ROLE_BACKEND', 'READ,TRUST,WRITE', '$2a$12$3ke5rpx81DFfYlLXpQW6TOvTw2W8OkG.p5oFOmFsnmh7LVp11khna', 120, 0);
INSERT INTO oauthDB.client(id, created_at, created_by, deleted, deleted_at, deleted_by, modified_at, modified_by, restored_at, restored_by, version, accessible_, auto_approve, redirect_urls, domain_id, description, grant_types, name, authorities, scopes, secret, access_token_validity_seconds, refresh_token_validity_seconds)VALUES(843498099048456, '2020-12-25 02:22:27', '0', 0, NULL, '', '2020-12-25 02:22:27', '0', NULL, '', 0, 1, 0, NULL, '0C8AZTODP4H5', '', 'CLIENT_CREDENTIALS', 'messenger', 'ROLE_TRUST,ROLE_FIRST_PARTY,ROLE_BACKEND', 'READ,TRUST,WRITE', '$2a$12$3ke5rpx81DFfYlLXpQW6TOvTw2W8OkG.p5oFOmFsnmh7LVp11khna', 120, 0);
INSERT INTO oauthDB.client(id, created_at, created_by, deleted, deleted_at, deleted_by, modified_at, modified_by, restored_at, restored_by, version, accessible_, auto_approve, redirect_urls, domain_id, description, grant_types, name, authorities, scopes, secret, access_token_validity_seconds, refresh_token_validity_seconds)VALUES(843498099048457, '2020-12-25 02:22:27', '0', 0, NULL, '', '2020-12-25 02:22:27', '0', NULL, '', 0, 1, 0, NULL, '0C8AZTODP4H6', '', 'CLIENT_CREDENTIALS', 'product', 'ROLE_TRUST,ROLE_FIRST_PARTY,ROLE_BACKEND', 'READ,TRUST,WRITE', '$2a$12$3ke5rpx81DFfYlLXpQW6TOvTw2W8OkG.p5oFOmFsnmh7LVp11khna', 120, 0);
INSERT INTO oauthDB.client(id, created_at, created_by, deleted, deleted_at, deleted_by, modified_at, modified_by, restored_at, restored_by, version, accessible_, auto_approve, redirect_urls, domain_id, description, grant_types, name, authorities, scopes, secret, access_token_validity_seconds, refresh_token_validity_seconds)VALUES(843498099048458, '2020-12-25 02:22:27', '0', 0, NULL, '', '2020-12-25 02:22:27', '0', NULL, '', 0, 1, 0, NULL, '0C8AZTODP4H7', '', 'CLIENT_CREDENTIALS', 'userProfile', 'ROLE_TRUST,ROLE_FIRST_PARTY,ROLE_BACKEND', 'READ,TRUST,WRITE', '$2a$12$3ke5rpx81DFfYlLXpQW6TOvTw2W8OkG.p5oFOmFsnmh7LVp11khna', 120, 0);
INSERT INTO oauthDB.client(id, created_at, created_by, deleted, deleted_at, deleted_by, modified_at, modified_by, restored_at, restored_by, version, accessible_, auto_approve, redirect_urls, domain_id, description, grant_types, name, authorities, scopes, secret, access_token_validity_seconds, refresh_token_validity_seconds)VALUES(843498099048459, '2020-12-25 02:22:27', '0', 0, NULL, '', '2020-12-25 02:22:27', '0', NULL, '', 0, 0, 0, NULL, '0C8AZTODP4H8', '<script>test</script>', 'CLIENT_CREDENTIALS', 'rightRoleNotSufficientResourceId', 'ROLE_FRONTEND', 'READ,TRUST,WRITE', '$2a$12$5PlVPPijEbr69oYIdC9e2uvDzW7NPqxnoxU9aKFiemB2vG7UmaC1S', 120, 0);
INSERT INTO oauthDB.client(id, created_at, created_by, deleted, deleted_at, deleted_by, modified_at, modified_by, restored_at, restored_by, version, accessible_, auto_approve, redirect_urls, domain_id, description, grant_types, name, authorities, scopes, secret, access_token_validity_seconds, refresh_token_validity_seconds)VALUES(843509306228737, '2020-12-25 08:18:43', '0', 0, NULL, '', '2020-12-25 08:18:43', '0', NULL, '', 0, 1, 0, NULL, '0C8AZYTQ5W5C', '', 'CLIENT_CREDENTIALS', 'edgeProxy', 'ROLE_TRUST,ROLE_FIRST_PARTY,ROLE_BACKEND,ROLE_ROOT', 'READ,TRUST,WRITE', '$2a$12$.HPmCVWM86g.OmWmWgsttuXB95onmQXhsNqwA.ugS9qdn/rxnLk/6', 120, 0);
INSERT INTO oauthDB.client(id, created_at, created_by, deleted, deleted_at, deleted_by, modified_at, modified_by, restored_at, restored_by, version, accessible_, auto_approve, redirect_urls, domain_id, description, grant_types, name, authorities, scopes, secret, access_token_validity_seconds, refresh_token_validity_seconds)VALUES(843509757116417, '2020-12-25 08:33:03', '0', 0, NULL, '', '2020-12-25 08:33:03', '0', NULL, '', 0, 0, 0, NULL, '0C8AZZ16LZB4', '', 'PASSWORD,REFRESH_TOKEN', 'adminUILogin', 'ROLE_TRUST,ROLE_FRONTEND,ROLE_ROOT', 'READ,TRUST,WRITE', '$2a$12$lBpm19kTPZserQCa72/67OAPAjPZWc0yJ9Kh6xPYPYOSVuFWS94IC', 120, 1200);
INSERT INTO oauthDB.client(id, created_at, created_by, deleted, deleted_at, deleted_by, modified_at, modified_by, restored_at, restored_by, version, accessible_, auto_approve, redirect_urls, domain_id, description, grant_types, name, authorities, scopes, secret, access_token_validity_seconds, refresh_token_validity_seconds)VALUES(843511877861378, '2020-12-25 09:40:28', '0', 0, NULL, '', '2020-12-25 09:40:28', '0', NULL, '', 0, 0, 0, NULL, '0C8B00098WLD', '', 'CLIENT_CREDENTIALS', 'adminUIRegister', 'ROLE_FIRST_PARTY,ROLE_FRONTEND,ROLE_ROOT', 'READ,WRITE', '$2a$12$lBpm19kTPZserQCa72/67OAPAjPZWc0yJ9Kh6xPYPYOSVuFWS94IC', 120, 0);
INSERT INTO oauthDB.client(id, created_at, created_by, deleted, deleted_at, deleted_by, modified_at, modified_by, restored_at, restored_by, version, accessible_, auto_approve, redirect_urls, domain_id, description, grant_types, name, authorities, scopes, secret, access_token_validity_seconds, refresh_token_validity_seconds)VALUES(843512635457539, '2020-12-25 10:04:33', '0', 0, NULL, '', '2020-12-25 10:04:33', '0', NULL, '', 0, 0, 0, NULL, '0C8B00CSATJ6', '', 'PASSWORD', 'testPasswordOnly', 'ROLE_TRUST,ROLE_FRONTEND,ROLE_ROOT', 'READ,TRUST,WRITE', '$2a$12$k73Ru5FaxyoX5NxQ775SxefRDY04HVvUNekQ.X/tBZJcsUuBUqiMS', 120, 0);
INSERT INTO oauthDB.client(id, created_at, created_by, deleted, deleted_at, deleted_by, modified_at, modified_by, restored_at, restored_by, version, accessible_, auto_approve, redirect_urls, domain_id, description, grant_types, name, authorities, scopes, secret, access_token_validity_seconds, refresh_token_validity_seconds)VALUES(843512635457561, '2020-12-25 10:04:33', '0', 0, NULL, '', '2020-12-25 10:04:33', '0', NULL, '', 0, 1, 0, NULL, '0C8AZTODP4I0', '', 'PASSWORD', 'resourceId', 'ROLE_FIRST_PARTY,ROLE_BACKEND', 'READ,TRUST,WRITE', '$2a$12$k73Ru5FaxyoX5NxQ775SxefRDY04HVvUNekQ.X/tBZJcsUuBUqiMS', 120, 0);
INSERT INTO oauthDB.client(id, created_at, created_by, deleted, deleted_at, deleted_by, modified_at, modified_by, restored_at, restored_by, version, accessible_, auto_approve, redirect_urls, domain_id, description, grant_types, name, authorities, scopes, secret, access_token_validity_seconds, refresh_token_validity_seconds)VALUES(843594578001923, '2020-12-27 05:29:26', '0', 0, NULL, '', '2021-03-23 21:21:31', '0U8AZTODP4H0', NULL, '', 4, 0, 1, 0x5B7B2276616C7565223A22687474703A2F2F6C6F63616C686F73743A343230302F6163636F756E74227D5D, '0C8B11ZYRXFM', '', 'AUTHORIZATION_CODE', 'objectMarket', 'ROLE_FIRST_PARTY,ROLE_FRONTEND', 'READ,WRITE', '$2a$12$5PlVPPijEbr69oYIdC9e2uvDzW7NPqxnoxU9aKFiemB2vG7UmaC1S', 120, 0);
INSERT INTO oauthDB.client(id, created_at, created_by, deleted, deleted_at, deleted_by, modified_at, modified_by, restored_at, restored_by, version, accessible_, auto_approve, redirect_urls, domain_id, description, grant_types, name, authorities, scopes, secret, access_token_validity_seconds, refresh_token_validity_seconds)VALUES(843594578001960, '2020-12-27 05:29:26', '0', 0, NULL, '', '2021-03-23 20:47:50', '0U8AZTODP4H0', NULL, '', 4, 0, 1, 0x5B7B2276616C7565223A22687474703A2F2F6C6F63616C686F73743A33303030227D5D, '0C8AZTODP4H9', 'bbs ui client', 'AUTHORIZATION_CODE', 'bbs', 'ROLE_FIRST_PARTY,ROLE_FRONTEND', 'READ,WRITE', '$2a$12$5PlVPPijEbr69oYIdC9e2uvDzW7NPqxnoxU9aKFiemB2vG7UmaC1S', 120, 0);

INSERT INTO resources_map (id,domain_id) VALUES(843509757116417,'0C8AZTODP4H4'),(843509757116417,'0C8BLWABG1S0'),(843509757116417,'0C8AZTODP4H5'),(843509757116417,'0C8AZTODP4H0'),(843509757116417,'0C8AZTODP4H6'),(843509757116417,'0C8AZTODP4HT'),(843509757116417,'0C8AZTODP4H7'),(843509757116417,'0C8AZYTQ5W5C'),(843509757116417,'0C8AZTODP4H1'),(843509757116417,'0C8AZTODP4H2'),(843511877861378,'0C8AZTODP4HT'),(843594578001923,'0C8AZTODP4H7'),(843594578001923,'0C8AZTODP4H6'),(843512635457539,'0C8AZTODP4H4'),(843512635457539,'0C8AZTODP4H6'),(843512635457539,'0C8AZTODP4HT'),(843512635457539,'0C8AZTODP4H7'),(843512635457539,'0C8AZYTQ5W5C'),(843498099048452,'0C8AZTODP4H3'),(843498099048452,'0C8AZTODP4H5'),(843498099048452,'0C8AZTODP4H6'),(843498099048452,'0C8AZTODP4H1'),(843498099048456,'0C8AZTODP4HT'),(843498099048458,'0C8AZTODP4H3'),(843498099048458,'0C8AZTODP4H5'),(843498099048458,'0C8AZTODP4H6'),(843498099048458,'0C8AZTODP4H1'),(843509306228737,'0C8AZTODP4HT'),(843498099048459,'0C8AZTODP4HT'),(843498099048450,'0C8AZTODP4H5'),(843498099048450,'0C8AZTODP4HT'),(843498099048450,'0C8AZYTQ5W5C'),(843594578001960,'0C8AZTODP4H4'),(843594578001960,'0C8AZTODP4H2'),(843512635457561,'0C8AZTODP4HT');



INSERT INTO oauthDB.endpoint (id,created_at,created_by,deleted,deleted_at,deleted_by,modified_at,modified_by,restored_at,restored_by,version,client_id,client_only,client_roles,client_scopes,description,domain_id,is_websocket,`method`,`path`,secured,user_only,user_roles) VALUES	 (0,NULL,'',0,NULL,'',NULL,'',NULL,'',0,'0C8AZTODP4HT',0,'','TRUST','','0E8AZTODP400',0,'GET','/auth-svc/clients/root',1,1,'ROLE_ROOT'),	 (1,NULL,'',0,NULL,'',NULL,'',NULL,'',0,'0C8AZTODP4HT',0,'','WRITE','','0E8AZTODP401',0,'GET','/auth-svc/clients/user',1,1,'ROLE_USER'),	 (2,NULL,'',0,NULL,'',NULL,'',NULL,'',0,'0C8AZTODP4HT',0,'','TRUST','','0E8AZTODP402',0,'POST','/auth-svc/clients/root',1,1,'ROLE_ROOT'),	 (3,NULL,'',0,NULL,'',NULL,'',NULL,'',0,'0C8AZTODP4HT',0,'','TRUST','','0E8AZTODP403',0,'PUT','/auth-svc/clients/root/**',1,1,'ROLE_ROOT'),	 (4,NULL,'',0,NULL,'',NULL,'',NULL,'',0,'0C8AZTODP4HT',0,'','TRUST','','0E8AZTODP404',0,'DELETE','/auth-svc/clients/root/**',1,1,'ROLE_ROOT'),	 (5,NULL,'',0,NULL,'',NULL,'',NULL,'',0,'0C8AZTODP4HT',1,'ROLE_FRONTEND,ROLE_FIRST_PARTY','WRITE','','0E8AZTODP405',0,'POST','/auth-svc/users/app',1,0,''),	 (6,NULL,'',0,NULL,'',NULL,'',NULL,'',0,'0C8AZTODP4HT',0,'','TRUST','','0E8AZTODP406',0,'GET','/auth-svc/users/admin',1,1,'ROLE_ADMIN'),	 (7,NULL,'',0,NULL,'',NULL,'',NULL,'',0,'0C8AZTODP4HT',0,'','TRUST','','0E8AZTODP407',0,'PUT','/auth-svc/users/admin/**',1,1,'ROLE_ADMIN'),	 (8,NULL,'',0,NULL,'',NULL,'',NULL,'',0,'0C8AZTODP4HT',0,'','TRUST','','0E8AZTODP408',0,'DELETE','/auth-svc/users/admin/**',1,1,'ROLE_ROOT'),	 (9,NULL,'',0,NULL,'',NULL,'',NULL,'',0,'0C8AZTODP4HT',0,'','TRUST','','0E8AZTODP409',0,'PUT','/auth-svc/users/user/pwd',1,1,'ROLE_USER');
INSERT INTO oauthDB.endpoint (id,created_at,created_by,deleted,deleted_at,deleted_by,modified_at,modified_by,restored_at,restored_by,version,client_id,client_only,client_roles,client_scopes,description,domain_id,is_websocket,`method`,`path`,secured,user_only,user_roles) VALUES	 (10,NULL,'',0,NULL,'',NULL,'',NULL,'',0,'0C8AZTODP4HT',0,'','TRUST','','0E8AZTODP40A',0,'POST','/auth-svc/authorize',1,1,'ROLE_USER'),	 (11,NULL,'',0,NULL,'',NULL,'',NULL,'',0,'0C8AZTODP4HT',1,'ROLE_BACKEND,ROLE_FIRST_PARTY','READ','','0E8AZTODP40B',0,'GET','/auth-svc/users/app',1,0,''),	 (12,NULL,'',0,NULL,'',NULL,'',NULL,'',0,'0C8AZTODP4HT',1,'ROLE_FRONTEND,ROLE_FIRST_PARTY','WRITE','','0E8AZTODP40C',0,'POST','/auth-svc/pending-users/app',1,0,''),	 (13,NULL,'',0,NULL,'',NULL,'',NULL,'',0,'0C8AZTODP4HT',1,'ROLE_FRONTEND,ROLE_FIRST_PARTY','WRITE','','0E8AZTODP40D',0,'POST','/auth-svc/users/app/forgetPwd',1,0,''),	 (14,NULL,'',0,NULL,'',NULL,'',NULL,'',0,'0C8AZTODP4HT',1,'ROLE_FRONTEND,ROLE_FIRST_PARTY','WRITE','','0E8AZTODP40E',0,'POST','/auth-svc/users/app/resetPwd',1,0,''),	 (15,NULL,'',0,NULL,'',NULL,'',NULL,'',0,'0C8AZTODP4HT',0,'','','','0E8AZTODP40F',0,'POST','/auth-svc/oauth/token',0,0,''),	 (16,NULL,'',0,NULL,'',NULL,'',NULL,'',0,'0C8AZTODP4HT',0,'','TRUST','','0E8AZTODP40G',0,'POST','/auth-svc/revoke-tokens/root',1,0,'ROLE_ROOT'),	 (17,NULL,'',0,NULL,'',NULL,'',NULL,'',0,'0C8AZTODP4HT',0,'','TRUST','','0E8AZTODP40H',0,'POST','/auth-svc/revoke-tokens/admin',1,0,'ROLE_ADMIN'),	 (18,NULL,'',0,NULL,'',NULL,'',NULL,'',0,'0C8AZTODP4HT',0,'','TRUST','','0E8AZTODP40I',0,'POST','/auth-svc/endpoints/root',1,0,'ROLE_ROOT'),	 (19,NULL,'',0,NULL,'',NULL,'',NULL,'',0,'0C8AZTODP4HT',0,'','TRUST','','0E8AZTODP40J',0,'GET','/auth-svc/endpoints/root',1,0,'ROLE_ROOT');
INSERT INTO oauthDB.endpoint (id,created_at,created_by,deleted,deleted_at,deleted_by,modified_at,modified_by,restored_at,restored_by,version,client_id,client_only,client_roles,client_scopes,description,domain_id,is_websocket,`method`,`path`,secured,user_only,user_roles) VALUES	 (20,NULL,'',0,NULL,'',NULL,'',NULL,'',0,'0C8AZTODP4HT',0,'','TRUST','','0E8AZTODP40K',0,'PUT','/auth-svc/endpoints/root/**',1,0,'ROLE_ROOT'),	 (21,NULL,'',0,NULL,'',NULL,'',NULL,'',0,'0C8AZTODP4HT',0,'','TRUST','','0E8AZTODP40L',0,'DELETE','/auth-svc/endpoints/root/**',1,0,'ROLE_ROOT'),	 (25,NULL,'',0,NULL,'',NULL,'',NULL,'',0,'0C8AZTODP4H7',0,'','TRUST','','0E8AZTODP40M',0,'GET','/profile-svc/addresses/user',1,1,'ROLE_USER'),	 (26,NULL,'',0,NULL,'',NULL,'',NULL,'',0,'0C8AZTODP4H7',0,'','TRUST','','0E8AZTODP40N',0,'GET','/profile-svc/addresses/user/**',1,1,'ROLE_USER'),	 (27,NULL,'',0,NULL,'',NULL,'',NULL,'',0,'0C8AZTODP4H7',0,'','TRUST','','0E8AZTODP40O',0,'POST','/profile-svc/addresses/user',1,1,'ROLE_USER'),	 (28,NULL,'',0,NULL,'',NULL,'',NULL,'',0,'0C8AZTODP4H7',0,'','TRUST','','0E8AZTODP40P',0,'PUT','/profile-svc/addresses/user/**',1,1,'ROLE_USER'),	 (29,NULL,'',0,NULL,'',NULL,'',NULL,'',0,'0C8AZTODP4H7',0,'','TRUST','','0E8AZTODP40Q',0,'DELETE','/profile-svc/addresses/user/**',1,1,'ROLE_USER'),	 (30,NULL,'',0,NULL,'',NULL,'',NULL,'',0,'0C8AZTODP4H7',0,'','TRUST','','0E8AZTODP40R',0,'PUT','/profile-svc/orders/user/**/confirm',1,1,'ROLE_USER'),	 (31,NULL,'',0,NULL,'',NULL,'',NULL,'',0,'0C8AZTODP4H7',0,'','TRUST','','0E8AZTODP40S',0,'GET','/profile-svc/orders/admin',1,1,'ROLE_ADMIN'),	 (32,NULL,'',0,NULL,'',NULL,'',NULL,'',0,'0C8AZTODP4H7',0,'','TRUST','','0E8AZTODP40T',0,'GET','/profile-svc/orders/user/**',1,1,'ROLE_USER');
INSERT INTO oauthDB.endpoint (id,created_at,created_by,deleted,deleted_at,deleted_by,modified_at,modified_by,restored_at,restored_by,version,client_id,client_only,client_roles,client_scopes,description,domain_id,is_websocket,`method`,`path`,secured,user_only,user_roles) VALUES	 (33,NULL,'',0,NULL,'',NULL,'',NULL,'',0,'0C8AZTODP4H7',0,'','TRUST','','0E8AZTODP40U',0,'POST','/profile-svc/orders/user/**',1,1,'ROLE_USER'),	 (35,NULL,'',0,NULL,'',NULL,'',NULL,'',0,'0C8AZTODP4H7',0,'','TRUST','','0E8AZTODP40V',0,'DELETE','/profile-svc/orders/user/**',1,1,'ROLE_USER'),	 (36,NULL,'',0,NULL,'',NULL,'',NULL,'',0,'0C8AZTODP4H7',0,'','TRUST','','0E8AZTODP40W',0,'GET','/profile-svc/cart/user',1,1,'ROLE_USER'),	 (37,NULL,'',0,NULL,'',NULL,'',NULL,'',0,'0C8AZTODP4H7',0,'','TRUST','','0E8AZTODP40X',0,'POST','/profile-svc/cart/user',1,1,'ROLE_USER'),	 (39,NULL,'',0,NULL,'',NULL,'',NULL,'',0,'0C8AZTODP4H7',0,'','TRUST','','0E8AZTODP40Y',0,'DELETE','/profile-svc/cart/user/**',1,1,'ROLE_USER'),	 (41,NULL,'',0,NULL,'',NULL,'',NULL,'',0,'0C8AZTODP4H7',0,'','TRUST','','0E8AZTODP40Z',0,'PUT','/profile-svc/orders/user/**/reserve',1,1,'ROLE_USER'),	 (42,NULL,'',0,NULL,'',NULL,'',NULL,'',0,'0C8AZTODP4H6',0,'','TRUST','','0E8AZTODP410',0,'POST','/product-svc/catalogs/admin',1,1,'ROLE_ADMIN'),	 (43,NULL,'',0,NULL,'',NULL,'',NULL,'',0,'0C8AZTODP4H6',0,'','TRUST','','0E8AZTODP411',0,'PUT','/product-svc/catalogs/admin/**',1,1,'ROLE_ADMIN'),	 (44,NULL,'',0,NULL,'',NULL,'',NULL,'',0,'0C8AZTODP4H6',0,'','TRUST','','0E8AZTODP412',0,'DELETE','/product-svc/catalogs/admin/**',1,1,'ROLE_ADMIN'),	 (46,NULL,'',0,NULL,'',NULL,'',NULL,'',0,'0C8AZTODP4H6',0,'ROLE_BACKEND','TRUST','','0E8AZTODP413',0,'PATCH','/product-svc/products/app',1,0,'');
INSERT INTO oauthDB.endpoint (id,created_at,created_by,deleted,deleted_at,deleted_by,modified_at,modified_by,restored_at,restored_by,version,client_id,client_only,client_roles,client_scopes,description,domain_id,is_websocket,`method`,`path`,secured,user_only,user_roles) VALUES	 (47,NULL,'',0,NULL,'',NULL,'',NULL,'',0,'0C8AZTODP4H6',0,'','TRUST','','0E8AZTODP414',0,'POST','/product-svc/products/admin',1,1,'ROLE_ADMIN'),	 (48,NULL,'',0,NULL,'',NULL,'',NULL,'',0,'0C8AZTODP4H6',0,'','TRUST','','0E8AZTODP415',0,'PUT','/product-svc/products/admin/**',1,1,'ROLE_ADMIN'),	 (49,NULL,'',0,NULL,'',NULL,'',NULL,'',0,'0C8AZTODP4H6',0,'','TRUST','','0E8AZTODP416',0,'DELETE','/product-svc/products/admin/**',1,1,'ROLE_ADMIN'),	 (52,NULL,'',0,NULL,'',NULL,'',NULL,'',0,'0C8AZTODP4H6',0,'','TRUST','','0E8AZTODP417',0,'GET','/product-svc/products/admin/**',1,1,'ROLE_ADMIN'),	 (53,NULL,'',0,NULL,'',NULL,'',NULL,'',0,'0C8AZTODP4H6',0,'','','','0E8AZTODP418',0,'GET','/product-svc/catalogs/public',0,0,''),	 (54,NULL,'',0,NULL,'',NULL,'',NULL,'',0,'0C8AZTODP4H6',0,'','','','0E8AZTODP419',0,'GET','/product-svc/products/public',0,0,''),	 (55,NULL,'',0,NULL,'',NULL,'',NULL,'',0,'0C8AZTODP4H6',0,'','','','0E8AZTODP41A',0,'GET','/product-svc/products/public/**',0,0,''),	 (57,NULL,'',0,NULL,'',NULL,'',NULL,'',0,'0C8AZTODP4H5',1,'ROLE_BACKEND,ROLE_FIRST_PARTY','TRUST','','0E8AZTODP41B',0,'POST','/messenger-svc/notifyBy/email/newOrder',1,0,''),	 (58,NULL,'',0,NULL,'',NULL,'',NULL,'',0,'0C8AZTODP4H5',0,'','TRUST','','0E8AZTODP41C',0,'GET','/messenger-svc/systemNotifications/root',1,1,'ROLE_ROOT'),	 (60,NULL,'',0,NULL,'',NULL,'',NULL,'',0,'0C8AZTODP4H4',0,'','TRUST,WRITE','','0E8AZTODP41E',0,'POST','/file-upload-svc/files/app',1,1,'ROLE_ADMIN');
INSERT INTO oauthDB.endpoint (id,created_at,created_by,deleted,deleted_at,deleted_by,modified_at,modified_by,restored_at,restored_by,version,client_id,client_only,client_roles,client_scopes,description,domain_id,is_websocket,`method`,`path`,secured,user_only,user_roles) VALUES	 (61,NULL,'',0,NULL,'',NULL,'',NULL,'',0,'0C8AZTODP4H4',0,'','','','0E8AZTODP41F',0,'GET','/file-upload-svc/files/public/**',0,0,''),	 (62,NULL,'',0,NULL,'',NULL,'',NULL,'',0,'0C8AZTODP4H3',1,'ROLE_BACKEND','TRUST','','0E8AZTODP41G',0,'POST','/payment-svc/paymentLink',1,0,''),	 (63,NULL,'',0,NULL,'',NULL,'',NULL,'',0,'0C8AZTODP4H3',1,'ROLE_BACKEND','TRUST','','0E8AZTODP41H',0,'GET','/payment-svc/paymentStatus/**',1,0,''),	 (65,NULL,'',0,NULL,'',NULL,'',NULL,'',0,'0C8AZTODP4H2',0,'','TRUST','','0E8AZTODP41I',0,'GET','/bbs-svc/private/comments',1,1,'ROLE_USER'),	 (66,NULL,'',0,NULL,'',NULL,'',NULL,'',0,'0C8AZTODP4H2',0,'','','','0E8AZTODP41J',0,'GET','/bbs-svc/public/posts/**/comments',0,0,''),	 (67,NULL,'',0,NULL,'',NULL,'',NULL,'',0,'0C8AZTODP4H2',0,'','TRUST','','0E8AZTODP41K',0,'POST','/bbs-svc/private/posts/**/comments',1,1,'ROLE_USER'),	 (68,NULL,'',0,NULL,'',NULL,'',NULL,'',0,'0C8AZTODP4H2',0,'','TRUST','','0E8AZTODP41L',0,'DELETE','/bbs-svc/private/comments/**',1,1,'ROLE_USER'),	 (69,NULL,'',0,NULL,'',NULL,'',NULL,'',0,'0C8AZTODP4H2',0,'','','','0E8AZTODP41M',0,'GET','/bbs-svc/public/posts',0,0,''),	 (70,NULL,'',0,NULL,'',NULL,'',NULL,'',0,'0C8AZTODP4H2',0,'','TRUST','','0E8AZTODP41N',0,'GET','/bbs-svc/private/posts',1,1,'ROLE_USER'),	 (71,NULL,'',0,NULL,'',NULL,'',NULL,'',0,'0C8AZTODP4H2',0,'','TRUST','','0E8AZTODP41O',0,'POST','/bbs-svc/private/posts',1,1,'ROLE_USER');
INSERT INTO oauthDB.endpoint (id,created_at,created_by,deleted,deleted_at,deleted_by,modified_at,modified_by,restored_at,restored_by,version,client_id,client_only,client_roles,client_scopes,description,domain_id,is_websocket,`method`,`path`,secured,user_only,user_roles) VALUES	 (72,NULL,'',0,NULL,'',NULL,'',NULL,'',0,'0C8AZTODP4H2',0,'','','','0E8AZTODP41P',0,'GET','/bbs-svc/public/posts/**',0,0,''),	 (73,NULL,'',0,NULL,'',NULL,'',NULL,'',0,'0C8AZTODP4H2',0,'','TRUST','','0E8AZTODP41Q',0,'PUT','/bbs-svc/private/posts/**',1,1,'ROLE_USER'),	 (74,NULL,'',0,NULL,'',NULL,'',NULL,'',0,'0C8AZTODP4H2',0,'','TRUST','','0E8AZTODP41R',0,'DELETE','/bbs-svc/private/posts/**',1,1,'ROLE_USER'),	 (75,NULL,'',0,NULL,'',NULL,'',NULL,'',0,'0C8AZTODP4H2',0,'','TRUST','','0E8AZTODP41S',0,'POST','/bbs-svc/private/posts/**/likes',1,1,'ROLE_USER'),	 (76,NULL,'',0,NULL,'',NULL,'',NULL,'',0,'0C8AZTODP4H2',0,'','TRUST','','0E8AZTODP41T',0,'DELETE','/bbs-svc/private/posts/**/likes',1,1,'ROLE_USER'),	 (77,NULL,'',0,NULL,'',NULL,'',NULL,'',0,'0C8AZTODP4H2',0,'','TRUST','','0E8AZTODP41U',0,'POST','/bbs-svc/private/comments/**/likes',1,1,'ROLE_USER'),	 (78,NULL,'',0,NULL,'',NULL,'',NULL,'',0,'0C8AZTODP4H2',0,'','TRUST','','0E8AZTODP41V',0,'DELETE','/bbs-svc/private/comments/**/likes',1,1,'ROLE_USER'),	 (79,NULL,'',0,NULL,'',NULL,'',NULL,'',0,'0C8AZTODP4H2',0,'','TRUST','','0E8AZTODP41W',0,'POST','/bbs-svc/private/posts/**/dislikes',1,1,'ROLE_USER'),	 (80,NULL,'',0,NULL,'',NULL,'',NULL,'',0,'0C8AZTODP4H2',0,'','TRUST','','0E8AZTODP41X',0,'DELETE','/bbs-svc/private/posts/**/dislikes',1,1,'ROLE_USER'),	 (81,NULL,'',0,NULL,'',NULL,'',NULL,'',0,'0C8AZTODP4H2',0,'','TRUST','','0E8AZTODP41Y',0,'POST','/bbs-svc/private/comments/**/dislikes',1,1,'ROLE_USER');
INSERT INTO oauthDB.endpoint (id,created_at,created_by,deleted,deleted_at,deleted_by,modified_at,modified_by,restored_at,restored_by,version,client_id,client_only,client_roles,client_scopes,description,domain_id,is_websocket,`method`,`path`,secured,user_only,user_roles) VALUES	 (82,NULL,'',0,NULL,'',NULL,'',NULL,'',0,'0C8AZTODP4H2',0,'','TRUST','','0E8AZTODP41Z',0,'DELETE','/bbs-svc/private/comments/**/dislikes',1,1,'ROLE_USER'),	 (83,NULL,'',0,NULL,'',NULL,'',NULL,'',0,'0C8AZTODP4H2',0,'','TRUST','','0E8AZTODP420',0,'POST','/bbs-svc/private/posts/**/reports',1,1,'ROLE_USER'),	 (84,NULL,'',0,NULL,'',NULL,'',NULL,'',0,'0C8AZTODP4H2',0,'','TRUST','','0E8AZTODP421',0,'DELETE','/bbs-svc/private/posts/**/reports',1,1,'ROLE_USER'),	 (85,NULL,'',0,NULL,'',NULL,'',NULL,'',0,'0C8AZTODP4H2',0,'','TRUST','','0E8AZTODP422',0,'POST','/bbs-svc/private/comments/**/reports',1,1,'ROLE_USER'),	 (86,NULL,'',0,NULL,'',NULL,'',NULL,'',0,'0C8AZTODP4H2',0,'','TRUST','','0E8AZTODP423',0,'DELETE','/bbs-svc/private/comments/**/reports',1,1,'ROLE_USER'),	 (87,NULL,'',0,NULL,'',NULL,'',NULL,'',0,'0C8AZTODP4H2',0,'','TRUST','','0E8AZTODP424',0,'POST','/bbs-svc/private/posts/**/notInterested',1,1,'ROLE_USER'),	 (88,NULL,'',0,NULL,'',NULL,'',NULL,'',0,'0C8AZTODP4H2',0,'','TRUST','','0E8AZTODP425',0,'DELETE','/bbs-svc/private/posts/**/notInterested',1,1,'ROLE_USER'),	 (89,NULL,'',0,NULL,'',NULL,'',NULL,'',0,'0C8AZTODP4H2',0,'','TRUST','','0E8AZTODP426',0,'POST','/bbs-svc/private/comments/**/notInterested',1,1,'ROLE_USER'),	 (90,NULL,'',0,NULL,'',NULL,'',NULL,'',0,'0C8AZTODP4H2',0,'','TRUST','','0E8AZTODP427',0,'DELETE','/bbs-svc/private/comments/**/notInterested',1,1,'ROLE_USER'),	 (91,NULL,'',0,NULL,'',NULL,'',NULL,'',0,'0C8AZTODP4H2',0,'','TRUST','','0E8AZTODP428',0,'GET','/bbs-svc/admin/posts',1,1,'ROLE_ADMIN');
INSERT INTO oauthDB.endpoint (id,created_at,created_by,deleted,deleted_at,deleted_by,modified_at,modified_by,restored_at,restored_by,version,client_id,client_only,client_roles,client_scopes,description,domain_id,is_websocket,`method`,`path`,secured,user_only,user_roles) VALUES	 (92,NULL,'',0,NULL,'',NULL,'',NULL,'',0,'0C8AZTODP4H2',0,'','TRUST','','0E8AZTODP429',0,'DELETE','/bbs-svc/admin/posts/**',1,1,'ROLE_ADMIN'),	 (93,NULL,'',0,NULL,'',NULL,'',NULL,'',0,'0C8AZTODP4H2',0,'','TRUST','','0E8AZTODP42A',0,'GET','/bbs-svc/admin/comments',1,1,'ROLE_ADMIN'),	 (94,NULL,'',0,NULL,'',NULL,'',NULL,'',0,'0C8AZTODP4H2',0,'','TRUST','','0E8AZTODP42B',0,'DELETE','/bbs-svc/admin/comments/**',1,1,'ROLE_ADMIN'),	 (95,NULL,'',0,NULL,'',NULL,'',NULL,'',0,'0C8AZTODP4H2',0,'','TRUST','','0E8AZTODP42C',0,'GET','/bbs-svc/admin/likes',1,1,'ROLE_ADMIN'),	 (96,NULL,'',0,NULL,'',NULL,'',NULL,'',0,'0C8AZTODP4H2',0,'','TRUST','','0E8AZTODP42D',0,'GET','/bbs-svc/admin/dislikes',1,1,'ROLE_ADMIN'),	 (97,NULL,'',0,NULL,'',NULL,'',NULL,'',0,'0C8AZTODP4H2',0,'','TRUST','','0E8AZTODP42E',0,'GET','/bbs-svc/admin/reports',1,1,'ROLE_ADMIN'),	 (98,NULL,'',0,NULL,'',NULL,'',NULL,'',0,'0C8AZTODP4H2',0,'','TRUST','','0E8AZTODP42F',0,'GET','/bbs-svc/admin/notInterested',1,1,'ROLE_ADMIN'),	 (99,NULL,'',0,NULL,'',NULL,'',NULL,'',0,'0C8AZTODP4H7',0,'','TRUST','','0E8AZTODP42G',0,'GET','/profile-svc/profiles/orders/id',1,1,'ROLE_USER'),	 (100,NULL,'',0,NULL,'',NULL,'',NULL,'',0,'0C8AZTODP4H7',0,'','TRUST','','0E8AZTODP42H',0,'GET','/profile-svc/profiles/orders/scheduler/resubmit',1,1,'ROLE_USER'),	 (101,NULL,'',0,NULL,'',NULL,'',NULL,'',0,'0C8AZTODP4H6',0,'','TRUST','','0E8AZTODP42I',0,'GET','/product-svc/catalogs/admin',1,1,'ROLE_ADMIN');
INSERT INTO oauthDB.endpoint (id,created_at,created_by,deleted,deleted_at,deleted_by,modified_at,modified_by,restored_at,restored_by,version,client_id,client_only,client_roles,client_scopes,description,domain_id,is_websocket,`method`,`path`,secured,user_only,user_roles) VALUES	 (103,NULL,'',0,NULL,'',NULL,'',NULL,'',0,'0C8AZTODP4H6',0,'','TRUST','','0E8AZTODP42J',0,'GET','/product-svc/products/admin',1,1,'ROLE_ADMIN'),	 (105,NULL,'',0,NULL,'',NULL,'',NULL,'',0,'0C8AZTODP4H6',0,'','TRUST','','0E8AZTODP42K',0,'GET','/product-svc/attributes/admin',1,1,'ROLE_ADMIN'),	 (106,NULL,'',0,NULL,'',NULL,'',NULL,'',0,'0C8AZTODP4H6',0,'','TRUST','','0E8AZTODP42L',0,'POST','/product-svc/attributes/admin',1,1,'ROLE_ADMIN'),	 (107,NULL,'',0,NULL,'',NULL,'',NULL,'',0,'0C8AZTODP4H6',0,'','TRUST','','0E8AZTODP42M',0,'PUT','/product-svc/attributes/admin/**',1,1,'ROLE_ADMIN'),	 (108,NULL,'',0,NULL,'',NULL,'',NULL,'',0,'0C8AZTODP4H6',0,'','TRUST','','0E8AZTODP42N',0,'DELETE','/product-svc/attributes/admin/**',1,1,'ROLE_ADMIN'),	 (109,NULL,'',0,NULL,'',NULL,'',NULL,'',0,'0C8AZTODP4H6',0,'','TRUST','','0E8AZTODP42O',0,'GET','/product-svc/filters/admin',1,1,'ROLE_ADMIN'),	 (110,NULL,'',0,NULL,'',NULL,'',NULL,'',0,'0C8AZTODP4H6',0,'','TRUST','','0E8AZTODP42P',0,'GET','/product-svc/filters/admin/**',1,1,'ROLE_ADMIN'),	 (111,NULL,'',0,NULL,'',NULL,'',NULL,'',0,'0C8AZTODP4H6',0,'','TRUST','','0E8AZTODP42Q',0,'POST','/product-svc/filters/admin',1,1,'ROLE_ADMIN'),	 (112,NULL,'',0,NULL,'',NULL,'',NULL,'',0,'0C8AZTODP4H6',0,'','TRUST','','0E8AZTODP42R',0,'PUT','/product-svc/filters/admin/**',1,1,'ROLE_ADMIN'),	 (113,NULL,'',0,NULL,'',NULL,'',NULL,'',0,'0C8AZTODP4H6',0,'','TRUST','','0E8AZTODP42S',0,'DELETE','/product-svc/filters/admin/**',1,1,'ROLE_ADMIN');
INSERT INTO oauthDB.endpoint (id,created_at,created_by,deleted,deleted_at,deleted_by,modified_at,modified_by,restored_at,restored_by,version,client_id,client_only,client_roles,client_scopes,description,domain_id,is_websocket,`method`,`path`,secured,user_only,user_roles) VALUES	 (114,NULL,'',0,NULL,'',NULL,'',NULL,'',0,'0C8AZTODP4H6',0,'','','','0E8AZTODP42T',0,'GET','/product-svc/filters/public',0,0,''),	 (116,NULL,'',0,NULL,'',NULL,'',NULL,'',0,'0C8AZTODP4H6',0,'','TRUST','','0E8AZTODP42U',0,'GET','/product-svc/attributes/admin/**',1,1,'ROLE_ADMIN'),	 (117,NULL,'',0,NULL,'',NULL,'',NULL,'',0,'0C8AZTODP4H6',0,'','TRUST','','0E8AZTODP42V',0,'GET','/product-svc/catalogs/admin/**',1,1,'ROLE_ADMIN'),	 (118,NULL,'',0,NULL,'',NULL,'',NULL,'',0,'0C8AZTODP4H6',0,'','TRUST','','0E8AZTODP42W',0,'PATCH','/product-svc/products/admin/**',1,1,'ROLE_ADMIN'),	 (119,NULL,'',0,NULL,'',NULL,'',NULL,'',0,'0C8AZTODP4H6',0,'','TRUST','','0E8AZTODP42X',0,'PATCH','/product-svc/products/admin',1,1,'ROLE_ADMIN'),	 (120,NULL,'',0,NULL,'',NULL,'',NULL,'',0,'0C8AZTODP4H6',0,'','TRUST','','0E8AZTODP42Y',0,'DELETE','/product-svc/products/admin',1,1,'ROLE_ADMIN'),	 (121,NULL,'',0,NULL,'',NULL,'',NULL,'',0,'0C8AZTODP4H6',1,'ROLE_BACKEND','TRUST','','0E8AZTODP42Z',0,'GET','/product-svc/products/app',1,0,''),	 (123,NULL,'',0,NULL,'',NULL,'',NULL,'',0,'0C8AZTODP4H6',0,'','TRUST','','0E8AZTODP430',0,'PATCH','/product-svc/attributes/admin/**',1,1,'ROLE_ADMIN'),	 (124,NULL,'',0,NULL,'',NULL,'',NULL,'',0,'0C8AZTODP4H6',0,'','TRUST','','0E8AZTODP431',0,'PATCH','/product-svc/catalogs/admin/**',1,1,'ROLE_ADMIN'),	 (125,NULL,'',0,NULL,'',NULL,'',NULL,'',0,'0C8AZTODP4HT',0,'','TRUST','','0E8AZTODP432',0,'GET','/auth-svc/clients/root/**',1,1,'ROLE_ROOT');
INSERT INTO oauthDB.endpoint (id,created_at,created_by,deleted,deleted_at,deleted_by,modified_at,modified_by,restored_at,restored_by,version,client_id,client_only,client_roles,client_scopes,description,domain_id,is_websocket,`method`,`path`,secured,user_only,user_roles) VALUES	 (126,NULL,'',0,NULL,'',NULL,'',NULL,'',0,'0C8AZTODP4HT',0,'','TRUST','','0E8AZTODP433',0,'PATCH','/auth-svc/clients/root/**',1,1,'ROLE_ROOT'),	 (127,NULL,'',0,NULL,'',NULL,'',NULL,'',0,'0C8AZTODP4HT',0,'','TRUST','','0E8AZTODP434',0,'GET','/auth-svc/users/admin/**',1,1,'ROLE_ADMIN'),	 (128,NULL,'',0,NULL,'',NULL,'',NULL,'',0,'0C8AZTODP4HT',0,'','TRUST','','0E8AZTODP435',0,'GET','/auth-svc/endpoints/root/**',1,0,'ROLE_ROOT'),	 (130,NULL,'',0,NULL,'',NULL,'',NULL,'',0,'0C8AZTODP4HT',0,'','TRUST','','0E8AZTODP437',0,'PATCH','/auth-svc/users/admin/**',1,1,'ROLE_ADMIN'),	 (131,NULL,'',0,NULL,'',NULL,'',NULL,'',0,'0C8AZTODP4HT',0,'','TRUST','','0E8AZTODP438',0,'PATCH','/auth-svc/users/admin',1,1,'ROLE_ADMIN'),	 (132,NULL,'',0,NULL,'',NULL,'',NULL,'',0,'0C8AZTODP4HT',0,'','TRUST','','0E8AZTODP439',0,'DELETE','/auth-svc/endpoints/root',1,0,'ROLE_ROOT'),	 (133,NULL,'',0,NULL,'',NULL,'',NULL,'',0,'0C8AZTODP4H6',0,'','TRUST','','0E8AZTODP43A',0,'DELETE','/product-svc/catalogs/admin',1,1,'ROLE_ADMIN'),	 (134,NULL,'',0,NULL,'',NULL,'',NULL,'',0,'0C8AZTODP4H6',0,'','TRUST','','0E8AZTODP43B',0,'DELETE','/product-svc/attributes/admin',1,1,'ROLE_ADMIN'),	 (135,NULL,'',0,NULL,'',NULL,'',NULL,'',0,'0C8AZTODP4H6',0,'','TRUST','','0E8AZTODP43C',0,'PATCH','/product-svc/filters/admin/**',1,1,'ROLE_ADMIN'),	 (136,NULL,'',0,NULL,'',NULL,'',NULL,'',0,'0C8AZTODP4H6',0,'','TRUST','','0E8AZTODP43D',0,'DELETE','/product-svc/filters/admin',1,1,'ROLE_ADMIN');
INSERT INTO oauthDB.endpoint (id,created_at,created_by,deleted,deleted_at,deleted_by,modified_at,modified_by,restored_at,restored_by,version,client_id,client_only,client_roles,client_scopes,description,domain_id,is_websocket,`method`,`path`,secured,user_only,user_roles) VALUES	 (137,NULL,'',0,NULL,'',NULL,'',NULL,'',0,'0C8AZTODP4HT',0,'','TRUST','','0E8AZTODP43E',0,'PATCH','/auth-svc/endpoints/root/**',1,0,'ROLE_ROOT'),	 (138,NULL,'',0,NULL,'',NULL,'',NULL,'',0,'0C8AZTODP4HT',0,'','TRUST','','0E8AZTODP43F',0,'DELETE','/product-svc/products/change/root/**',1,1,'ROLE_ROOT'),	 (139,NULL,'',0,NULL,'',NULL,'',NULL,'',0,'0C8AZTODP4HT',0,'','TRUST','','0E8AZTODP43G',0,'DELETE','/product-svc/products/change/admin/**',1,1,'ROLE_ADMIN'),	 (141,NULL,'',0,NULL,'',NULL,'',NULL,'',0,'0C8AZTODP4HT',0,'','TRUST','','0E8AZTODP43H',0,'DELETE','/auth-svc/changes/root/**',1,1,'ROLE_ROOT'),	 (143,NULL,'',0,NULL,'',NULL,'',NULL,'',0,'0C8AZTODP4HT',0,'','TRUST','','0E8AZTODP43I',0,'GET','/auth-svc/changes/root',1,1,'ROLE_ROOT'),	 (147,NULL,'',0,NULL,'',NULL,'',NULL,'',0,'0C8AZTODP4H6',0,'','TRUST','','0E8AZTODP43L',0,'GET','/product-svc/changes/root',1,1,'ROLE_ROOT'),	 (148,NULL,'',0,NULL,'',NULL,'',NULL,'',0,'0C8AZTODP4H6',0,'','TRUST','','0E8AZTODP43M',0,'DELETE','/product-svc/changes/root/**',1,1,'ROLE_ROOT'),	 (149,NULL,'',0,NULL,'',NULL,'',NULL,'',0,'0C8AZTODP4HT',0,'','TRUST','','0E8AZTODP43N',0,'GET','/auth-svc/revoke-tokens/root',1,0,'ROLE_ROOT'),	 (150,NULL,'',0,NULL,'',NULL,'',NULL,'',0,'0C8AZTODP4H6',0,'','TRUST','','0E8AZTODP43O',0,'GET','/product-svc/skus/admin',1,1,'ROLE_ADMIN'),	 (151,NULL,'',0,NULL,'',NULL,'',NULL,'',0,'0C8AZTODP4H6',0,'','TRUST','','0E8AZTODP43P',0,'GET','/product-svc/skus/admin/**',1,1,'ROLE_ADMIN');
INSERT INTO oauthDB.endpoint (id,created_at,created_by,deleted,deleted_at,deleted_by,modified_at,modified_by,restored_at,restored_by,version,client_id,client_only,client_roles,client_scopes,description,domain_id,is_websocket,`method`,`path`,secured,user_only,user_roles) VALUES	 (152,NULL,'',0,NULL,'',NULL,'',NULL,'',0,'0C8AZTODP4H6',0,'','TRUST','','0E8AZTODP43Q',0,'POST','/product-svc/skus/admin',1,1,'ROLE_ADMIN'),	 (153,NULL,'',0,NULL,'',NULL,'',NULL,'',0,'0C8AZTODP4H6',0,'','TRUST','','0E8AZTODP43R',0,'PATCH','/product-svc/skus/admin',1,1,'ROLE_ADMIN'),	 (154,NULL,'',0,NULL,'',NULL,'',NULL,'',0,'0C8AZTODP4H6',0,'','TRUST','','0E8AZTODP43S',0,'PATCH','/product-svc/skus/admin/**',1,1,'ROLE_ADMIN'),	 (155,NULL,'',0,NULL,'',NULL,'',NULL,'',0,'0C8AZTODP4H6',0,'','TRUST','','0E8AZTODP43T',0,'DELETE','/product-svc/skus/admin/**',1,1,'ROLE_ADMIN'),	 (156,NULL,'',0,NULL,'',NULL,'',NULL,'',0,'0C8AZTODP4H6',0,'','TRUST','','0E8AZTODP43U',0,'DELETE','/product-svc/skus/admin',1,1,'ROLE_ADMIN'),	 (157,NULL,'',0,NULL,'',NULL,'',NULL,'',0,'0C8AZTODP4H6',0,'','TRUST','','0E8AZTODP43V',0,'PUT','/product-svc/skus/admin/**',1,1,'ROLE_ADMIN'),	 (158,NULL,'',0,NULL,'',NULL,'',NULL,'',0,'0C8AZTODP4H6',1,'ROLE_BACKEND','TRUST','','0E8AZTODP43W',0,'DELETE','/product-svc/products/changes/app/**',1,0,''),	 (161,NULL,'',0,NULL,'',NULL,'',NULL,'',0,'0C8AZTODP4H7',0,'','TRUST','','0E8AZTODP43X',0,'GET','/profile-svc/orders/admin/**',1,1,'ROLE_ADMIN'),	 (162,NULL,'',0,NULL,'',NULL,'',NULL,'',0,'0C8AZTODP4H7',0,'','TRUST','','0E8AZTODP43Y',0,'GET','/profile-svc/orders/user',1,1,'ROLE_USER'),	 (163,NULL,'',0,NULL,'',NULL,'',NULL,'',0,'0C8AZTODP4H7',0,'','TRUST','','0E8AZTODP43Z',0,'GET','/profile-svc/addresses/admin',1,1,'ROLE_ADMIN');
INSERT INTO oauthDB.endpoint (id,created_at,created_by,deleted,deleted_at,deleted_by,modified_at,modified_by,restored_at,restored_by,version,client_id,client_only,client_roles,client_scopes,description,domain_id,is_websocket,`method`,`path`,secured,user_only,user_roles) VALUES	 (164,NULL,'',0,NULL,'',NULL,'',NULL,'',0,'0C8AZTODP4H7',0,'','TRUST','','0E8AZTODP440',0,'GET','/profile-svc/addresses/admin/**',1,1,'ROLE_ADMIN'),	 (165,NULL,'',0,NULL,'',NULL,'',NULL,'',0,'0C8AZTODP4H7',1,'ROLE_BACKEND,ROLE_FIRST_PARTY','TRUST','','0E8AZTODP441',0,'POST','/profile-svc/orders/app/validate',1,0,''),	 (166,NULL,'',0,NULL,'',NULL,'',NULL,'',0,'0C8AZTODP4H7',1,'ROLE_BACKEND,ROLE_FIRST_PARTY','TRUST','','0E8AZTODP442',0,'PUT','/profile-svc/orders/app/**',1,0,''),	 (167,NULL,'',0,NULL,'',NULL,'',NULL,'',0,'0C8AZTODP4H7',0,'','TRUST','','0E8AZTODP443',0,'PUT','/profile-svc/orders/user/**',1,1,'ROLE_USER'),	 (168,NULL,'',0,NULL,'',NULL,'',NULL,'',0,'0C8AZTODP4H1',1,'ROLE_BACKEND,ROLE_FIRST_PARTY','TRUST','','0E8AZTODP444',0,'POST','/saga-svc/sm/app',1,0,''),	 (169,NULL,'',0,NULL,'',NULL,'',NULL,'',0,'0C8AZTODP4H7',1,'ROLE_BACKEND,ROLE_FIRST_PARTY','TRUST','','0E8AZTODP445',0,'POST','/profile-svc/orders/app',1,0,''),	 (170,NULL,'',0,NULL,'',NULL,'',NULL,'',0,'0C8AZTODP4H1',0,'','TRUST','','0E8AZTODP446',0,'GET','/saga-svc/tasks/admin',1,1,'ROLE_ADMIN'),	 (171,NULL,'',0,NULL,'',NULL,'',NULL,'',0,'0C8AZTODP4H7',1,'ROLE_BACKEND,ROLE_FIRST_PARTY','TRUST','','0E8AZTODP447',0,'DELETE','/profile-svc/cart/app',1,0,''),	 (172,NULL,'',0,NULL,'',NULL,'',NULL,'',0,'0C8AZTODP4H7',1,'ROLE_BACKEND','TRUST','','0E8AZTODP448',0,'DELETE','/profile-svc/changes/app',1,0,''),	 (173,NULL,'',0,NULL,'',NULL,'',NULL,'',0,'0C8AZTODP4H3',1,'ROLE_BACKEND','TRUST','','0E8AZTODP449',0,'DELETE','/payment-svc/changes/app',1,0,'');
INSERT INTO oauthDB.endpoint (id,created_at,created_by,deleted,deleted_at,deleted_by,modified_at,modified_by,restored_at,restored_by,version,client_id,client_only,client_roles,client_scopes,description,domain_id,is_websocket,`method`,`path`,secured,user_only,user_roles) VALUES	 (174,NULL,'',0,NULL,'',NULL,'',NULL,'',0,'0C8AZTODP4H7',0,'','TRUST','','0E8AZTODP44A',0,'GET','/profile-svc/changes/root/**',1,1,'ROLE_ROOT'),	 (175,NULL,'',0,NULL,'',NULL,'',NULL,'',0,'0C8AZTODP4H3',0,'','TRUST','','0E8AZTODP44B',0,'GET','/payment-svc/changes/root/**',1,1,'ROLE_ROOT'),	 (176,NULL,'',0,NULL,'',NULL,'',NULL,'',0,'0C8AZTODP4H0',0,'','TRUST','','0E8AZTODP44C',0,'POST','/object-svc/events/admin/**',1,1,'ROLE_ADMIN'),	 (177,NULL,'',0,NULL,'',NULL,'',NULL,'',0,'0C8AZTODP4H0',0,'','TRUST','','0E8AZTODP44D',0,'GET','/object-svc/events/admin/**',1,1,'ROLE_ADMIN'),	 (178,NULL,'',0,NULL,'',NULL,'',NULL,'',0,'0C8AZTODP4H0',0,'','TRUST','','0E8AZTODP44E',0,'PUT','/object-svc/events/admin/**',1,1,'ROLE_ADMIN'),	 (179,NULL,'',0,NULL,'',NULL,'',NULL,'',0,'0C8AZTODP4H0',0,'','TRUST','','0E8AZTODP44F',0,'DELETE','/object-svc/events/admin/**',1,1,'ROLE_ADMIN'),	 (180,NULL,'',0,NULL,'',NULL,'',NULL,'',0,'0C8AZTODP4HT',0,'','TRUST','','0E8AZTODP450',0,'POST','/auth-svc/endpoints/root/event/reload',1,1,'ROLE_ROOT'),	 (181,NULL,'',0,NULL,'',NULL,'',NULL,'',0,'0C8BLWABG1S0',0,'',NULL,'','0E8AZTODP451',0,'GET','/test-svc/test/delay/**',0,0,NULL),	 (182,NULL,'',0,NULL,'',NULL,'',NULL,'',0,'0C8BLWABG1S0',0,'',NULL,'','0E8AZTODP452',0,'GET','/test-svc/test/status/**',0,0,NULL),	 (183,'2021-02-04 21:13:40','0U8AZTODP4H0',0,NULL,NULL,'2021-02-04 21:13:40','0U8AZTODP4H0',NULL,NULL,0,'0C8AZTODP4H5',0,'ROLE_TRUST,ROLE_FIRST_PARTY,ROLE_FRONTEND,ROLE_ROOT','READ,TRUST',NULL,'0E8BO3KAHURK',0,'GET','/messenger-svc/system-monitor',1,0,'ROLE_ROOT');
INSERT INTO oauthDB.endpoint (id,created_at,created_by,deleted,deleted_at,deleted_by,modified_at,modified_by,restored_at,restored_by,version,client_id,client_only,client_roles,client_scopes,description,domain_id,is_websocket,`method`,`path`,secured,user_only,user_roles) VALUES	 (184,NULL,'',0,NULL,'',NULL,'',NULL,'',1,'0C8AZTODP4HT',0,'','READ,TRUST,WRITE','websocket ticket','0E8BPAEMD3B5',0,'POST','/auth-svc/tickets/admin/**',1,1,'ROLE_ADMIN'),	 (185,NULL,'',0,NULL,'',NULL,'',NULL,'',0,'0C8AZTODP4H5',0,'','TRUST','','0E8BPAEMD3B6',0,'GET','/messenger-svc/mallNotifications/admin',1,1,'ROLE_ADMIN'),	 (186,'2021-02-04 21:13:40','0U8AZTODP4H0',0,NULL,NULL,'2021-02-04 21:13:40','0U8AZTODP4H0',NULL,NULL,0,'0C8AZTODP4H5',0,'ROLE_TRUST,ROLE_FIRST_PARTY,ROLE_FRONTEND,ROLE_ROOT','READ,TRUST',NULL,'0E8BPAEMD3B7',0,'GET','/messenger-svc/mall-monitor',1,0,'ROLE_ADMIN'),	 (847539962118150,'2021-03-24 02:49:49','0U8AZTODP4H0',0,NULL,NULL,'2021-03-24 02:49:49','0U8AZTODP4H0',NULL,NULL,0,'0C8AZTODP4H5',0,'','READ,TRUST,WRITE',NULL,'0E8CFEHEM0W0',1,'','/messenger-svc/system-monitor',1,1,'ROLE_ROOT'),	 (847539979419653,'2021-03-24 02:50:22','0U8AZTODP4H0',0,NULL,NULL,'2021-03-24 02:50:22','0U8AZTODP4H0',NULL,NULL,0,'0C8AZTODP4H5',0,'','READ,TRUST,WRITE',NULL,'0E8CFEHOWUTC',1,'','/messenger-svc/mall-monitor',1,1,'ROLE_ADMIN');