
INSERT INTO user_ (ID,Created_at,deleted,Email,PASSWORD,modified_at,locked,granted_authorities,created_by,domain_id,subscription,version) VALUES(838330249904129,CURRENT_TIMESTAMP,0,'haolinwei2015@gmail.com','$2a$10$AWv./gLENRDp7ghJbawG1uSYa0Qlf4xwaaMW8LHwcEOBdVOB6UPZW',CURRENT_TIMESTAMP,false,'ROLE_ROOT,ROLE_ADMIN,ROLE_USER','script','0U8AZTODP4H0',true,0);
INSERT INTO user_ (ID,Created_at,deleted,Email,PASSWORD,modified_at,locked,granted_authorities,created_by,domain_id,subscription,version) VALUES(838330249904130,CURRENT_TIMESTAMP,0,'haolinwei2017@gmail.com','$2a$10$AWv./gLENRDp7ghJbawG1uSYa0Qlf4xwaaMW8LHwcEOBdVOB6UPZW',CURRENT_TIMESTAMP,false,'ROLE_ADMIN,ROLE_USER','script','0U8AZTODP4H1',false,0);
INSERT INTO user_ (ID,Created_at,deleted,Email,PASSWORD,modified_at,locked,granted_authorities,created_by,domain_id,subscription,version) VALUES(838330249904131,CURRENT_TIMESTAMP,0,'haolinwei2018@gmail.com','$2a$10$AWv./gLENRDp7ghJbawG1uSYa0Qlf4xwaaMW8LHwcEOBdVOB6UPZW',CURRENT_TIMESTAMP,false,'ROLE_USER','script','0U8AZTODP4H2',false,0);

INSERT INTO oauthDB.client (id,created_at,created_by,deleted,deleted_at,deleted_by,modified_at,modified_by,restored_at,restored_by,accessible_,authorities,auto_approve,redirect_urls,authorization_code_gt_access_token_validity_seconds,authorization_code_gt_enabled,client_credentials_gt_access_token_validity_seconds,client_credentials_gt_enabled,domain_id,description,name,pwd_gt_refresh_token_gt_enabled,pwd_gt_refresh_token_gt_refresh_token_validity_seconds,password_gt_access_token_validity_seconds,password_gt_enabled,scopes,secret,version) VALUES	 (843498099048450,'2020-12-24 21:22:27','0',0,NULL,NULL,'2020-12-24 21:22:27','0',NULL,NULL,1,'ROLE_TRUST,ROLE_FIRST_PARTY,ROLE_BACKEND,ROLE_ROOT',0,0xACED0005737200116A6176612E7574696C2E48617368536574BA44859596B8B7340300007870770C000000013F4000000000000078,120,0,120,1,'0C8AZTODP4HT',NULL,'identityAccess',0,1200,120,0,'READ,TRUST,WRITE','$2a$12$3ke5rpx81DFfYlLXpQW6TOvTw2W8OkG.p5oFOmFsnmh7LVp11khna',0),	 (843498099048451,'2020-12-24 21:22:27','0',0,NULL,NULL,'2020-12-24 21:22:27','0',NULL,NULL,1,'ROLE_TRUST,ROLE_FIRST_PARTY,ROLE_BACKEND,ROLE_ROOT',0,0xACED0005737200116A6176612E7574696C2E48617368536574BA44859596B8B7340300007870770C000000013F4000000000000078,122,0,122,1,'0C8AZTODP4H0',NULL,'eventStore',0,0,122,0,'READ,TRUST,WRITE','$2a$12$3ke5rpx81DFfYlLXpQW6TOvTw2W8OkG.p5oFOmFsnmh7LVp11khna',0),	 (843498099048452,'2020-12-24 21:22:27','0',0,NULL,NULL,'2020-12-24 21:22:27','0',NULL,NULL,1,'ROLE_TRUST,ROLE_FIRST_PARTY,ROLE_BACKEND',0,0xACED0005737200116A6176612E7574696C2E48617368536574BA44859596B8B7340300007870770C000000013F4000000000000078,121,0,121,1,'0C8AZTODP4H1',NULL,'sagaOrchestrator',0,0,121,0,'READ,TRUST,WRITE','$2a$12$3ke5rpx81DFfYlLXpQW6TOvTw2W8OkG.p5oFOmFsnmh7LVp11khna',0),	 (843498099048453,'2020-12-24 21:22:27','0',0,NULL,NULL,'2020-12-24 21:22:27','0',NULL,NULL,1,'ROLE_TRUST,ROLE_FIRST_PARTY,ROLE_BACKEND',0,0xACED0005737200116A6176612E7574696C2E48617368536574BA44859596B8B7340300007870770C000000013F4000000000000078,120,0,120,1,'0C8AZTODP4H2',NULL,'bbsBackend',0,0,120,0,'TRUST','$2a$12$3ke5rpx81DFfYlLXpQW6TOvTw2W8OkG.p5oFOmFsnmh7LVp11khna',0),	 (843498099048454,'2020-12-24 21:22:27','0',0,NULL,NULL,'2020-12-24 21:22:27','0',NULL,NULL,1,'ROLE_TRUST,ROLE_FIRST_PARTY,ROLE_BACKEND',0,0xACED0005737200116A6176612E7574696C2E48617368536574BA44859596B8B7340300007870770C000000013F4000000000000078,120,0,120,1,'0C8AZTODP4H3',NULL,'payment',0,0,120,0,'TRUST','$2a$12$3ke5rpx81DFfYlLXpQW6TOvTw2W8OkG.p5oFOmFsnmh7LVp11khna',0),	 (843498099048455,'2020-12-24 21:22:27','0',0,NULL,NULL,'2020-12-24 21:22:27','0',NULL,NULL,1,'ROLE_TRUST,ROLE_FIRST_PARTY,ROLE_BACKEND',0,0xACED0005737200116A6176612E7574696C2E48617368536574BA44859596B8B7340300007870770C000000013F4000000000000078,120,0,120,1,'0C8AZTODP4H4',NULL,'fileUpload',0,0,120,0,'READ,TRUST,WRITE','$2a$12$3ke5rpx81DFfYlLXpQW6TOvTw2W8OkG.p5oFOmFsnmh7LVp11khna',0),	 (843498099048456,'2020-12-24 21:22:27','0',0,NULL,NULL,'2020-12-24 21:22:27','0',NULL,NULL,1,'ROLE_TRUST,ROLE_FIRST_PARTY,ROLE_BACKEND',0,0xACED0005737200116A6176612E7574696C2E48617368536574BA44859596B8B7340300007870770C000000013F4000000000000078,120,0,120,1,'0C8AZTODP4H5',NULL,'messenger',0,0,120,0,'READ,TRUST,WRITE','$2a$12$3ke5rpx81DFfYlLXpQW6TOvTw2W8OkG.p5oFOmFsnmh7LVp11khna',0),	 (843498099048457,'2020-12-24 21:22:27','0',0,NULL,NULL,'2020-12-24 21:22:27','0',NULL,NULL,1,'ROLE_TRUST,ROLE_FIRST_PARTY,ROLE_BACKEND',0,0xACED0005737200116A6176612E7574696C2E48617368536574BA44859596B8B7340300007870770C000000013F4000000000000078,120,0,120,1,'0C8AZTODP4H6',NULL,'product',0,0,120,0,'READ,TRUST,WRITE','$2a$12$3ke5rpx81DFfYlLXpQW6TOvTw2W8OkG.p5oFOmFsnmh7LVp11khna',0),	 (843498099048458,'2020-12-24 21:22:27','0',0,NULL,NULL,'2020-12-24 21:22:27','0',NULL,NULL,1,'ROLE_TRUST,ROLE_FIRST_PARTY,ROLE_BACKEND',0,0xACED0005737200116A6176612E7574696C2E48617368536574BA44859596B8B7340300007870770C000000013F4000000000000078,120,0,120,1,'0C8AZTODP4H7',NULL,'userProfile',0,0,120,0,'READ,TRUST,WRITE','$2a$12$3ke5rpx81DFfYlLXpQW6TOvTw2W8OkG.p5oFOmFsnmh7LVp11khna',0),	 (843498099048459,'2020-12-24 21:22:27','0',0,NULL,NULL,'2020-12-24 21:22:27','0',NULL,NULL,0,'ROLE_FRONTEND',0,0xACED0005737200116A6176612E7574696C2E48617368536574BA44859596B8B7340300007870770C000000013F4000000000000078,120,0,120,1,'0C8AZTODP4H8',NULL,'rightRoleNotSufficientResourceId',0,0,120,0,'READ,TRUST,WRITE','$2a$12$5PlVPPijEbr69oYIdC9e2uvDzW7NPqxnoxU9aKFiemB2vG7UmaC1S',0);
INSERT INTO oauthDB.client (id,created_at,created_by,deleted,deleted_at,deleted_by,modified_at,modified_by,restored_at,restored_by,accessible_,authorities,auto_approve,redirect_urls,authorization_code_gt_access_token_validity_seconds,authorization_code_gt_enabled,client_credentials_gt_access_token_validity_seconds,client_credentials_gt_enabled,domain_id,description,name,pwd_gt_refresh_token_gt_enabled,pwd_gt_refresh_token_gt_refresh_token_validity_seconds,password_gt_access_token_validity_seconds,password_gt_enabled,scopes,secret,version) VALUES	 (843509306228737,'2020-12-25 03:18:43','0',0,NULL,NULL,'2020-12-25 03:18:43','0',NULL,NULL,1,'ROLE_TRUST,ROLE_FIRST_PARTY,ROLE_BACKEND,ROLE_ROOT',0,0xACED0005737200116A6176612E7574696C2E48617368536574BA44859596B8B7340300007870770C000000013F4000000000000078,120,0,120,1,'0C8AZYTQ5W5C',NULL,'edgeProxy',0,0,120,0,'READ,TRUST,WRITE','$2a$12$.HPmCVWM86g.OmWmWgsttuXB95onmQXhsNqwA.ugS9qdn/rxnLk/6',0),	 (843509757116417,'2020-12-25 03:33:03','0',0,NULL,NULL,'2020-12-25 03:33:03','0',NULL,NULL,0,'ROLE_TRUST,ROLE_FRONTEND,ROLE_ROOT',0,0xACED0005737200116A6176612E7574696C2E48617368536574BA44859596B8B7340300007870770C000000013F4000000000000078,120,0,120,0,'0C8AZZ16LZB4',NULL,'adminUILogin',1,0,120,1,'READ,TRUST,WRITE','$2a$12$lBpm19kTPZserQCa72/67OAPAjPZWc0yJ9Kh6xPYPYOSVuFWS94IC',0),	 (843511877861378,'2020-12-25 04:40:28','0',0,NULL,NULL,'2020-12-25 04:40:28','0',NULL,NULL,0,'ROLE_FIRST_PARTY,ROLE_FRONTEND,ROLE_ROOT',0,0xACED0005737200116A6176612E7574696C2E48617368536574BA44859596B8B7340300007870770C000000013F4000000000000078,120,0,120,1,'0C8B00098WLD',NULL,'adminUIRegister',0,0,120,0,'READ,WRITE','$2a$12$lBpm19kTPZserQCa72/67OAPAjPZWc0yJ9Kh6xPYPYOSVuFWS94IC',0),	 (843512635457539,'2020-12-25 05:04:33','0',0,NULL,NULL,'2020-12-25 05:04:33','0',NULL,NULL,0,'ROLE_TRUST,ROLE_FRONTEND,ROLE_ROOT',0,0xACED0005737200116A6176612E7574696C2E48617368536574BA44859596B8B7340300007870770C000000013F4000000000000078,120,0,120,0,'0C8B00CSATJ6',NULL,'testPasswordOnly',0,0,120,1,'READ,TRUST,WRITE','$2a$12$k73Ru5FaxyoX5NxQ775SxefRDY04HVvUNekQ.X/tBZJcsUuBUqiMS',0),	 (843512635457561,'2020-12-25 05:04:33','0',0,NULL,NULL,'2020-12-25 05:04:33','0',NULL,NULL,1,'ROLE_FIRST_PARTY,ROLE_BACKEND',0,0xACED0005737200116A6176612E7574696C2E48617368536574BA44859596B8B7340300007870770C000000013F4000000000000078,120,0,120,0,'0C8AZTODP4I0',NULL,'resourceId',0,0,120,1,'READ,TRUST,WRITE','$2a$12$k73Ru5FaxyoX5NxQ775SxefRDY04HVvUNekQ.X/tBZJcsUuBUqiMS',0),	 (843594578001923,'2020-12-27 00:29:26','0',0,NULL,NULL,'2020-12-27 00:29:26','0',NULL,NULL,0,'ROLE_FIRST_PARTY,ROLE_FRONTEND',1,0xACED0005737200116A6176612E7574696C2E48617368536574BA44859596B8B7340300007870770C000000103F4000000000000273720035636F6D2E6D742E6964656E746974796163636573732E646F6D61696E2E6D6F64656C2E636C69656E742E526564697265637455524C00000000000000010200014C000576616C75657400124C6A6176612F6C616E672F537472696E673B787074001D687474703A2F2F6C6F63616C686F73743A343230302F6163636F756E747371007E0002740025687474703A2F2F6C6F63616C686F73743A343230302F7A682D48616E732F6163636F756E7478,120,1,120,0,'0C8B11ZYRXFM',NULL,'objectMarket',0,0,120,0,'READ,WRITE','$2a$12$5PlVPPijEbr69oYIdC9e2uvDzW7NPqxnoxU9aKFiemB2vG7UmaC1S',0),	 (843594578001960,'2020-12-27 00:29:26','0',0,NULL,NULL,'2020-12-27 00:29:26','0',NULL,NULL,0,'ROLE_FIRST_PARTY,ROLE_FRONTEND',1,0xACED0005737200116A6176612E7574696C2E48617368536574BA44859596B8B7340300007870770C000000103F4000000000000273720035636F6D2E6D742E6964656E746974796163636573732E646F6D61696E2E6D6F64656C2E636C69656E742E526564697265637455524C00000000000000010200014C000576616C75657400124C6A6176612F6C616E672F537472696E673B787074001D687474703A2F2F6C6F63616C686F73743A333030302F6163636F756E747371007E0002740025687474703A2F2F6C6F63616C686F73743A333030302F7A682D48616E732F6163636F756E7478,120,1,120,0,'0C8AZTODP4H9',NULL,'bbs',0,0,120,0,'READ,WRITE','$2a$12$5PlVPPijEbr69oYIdC9e2uvDzW7NPqxnoxU9aKFiemB2vG7UmaC1S',0);
INSERT INTO resources_map (id,domain_id) VALUES(843509757116417,'0C8AZTODP4H4'),(843509757116417,'0C8AZTODP4H5'),(843509757116417,'0C8AZTODP4H0'),(843509757116417,'0C8AZTODP4H6'),(843509757116417,'0C8AZTODP4HT'),(843509757116417,'0C8AZTODP4H7'),(843509757116417,'0C8AZYTQ5W5C'),(843509757116417,'0C8AZTODP4H1'),(843509757116417,'0C8AZTODP4H2'),(843511877861378,'0C8AZTODP4HT'),(843594578001923,'0C8AZTODP4H7'),(843594578001923,'0C8AZTODP4H6'),(843512635457539,'0C8AZTODP4H4'),(843512635457539,'0C8AZTODP4H6'),(843512635457539,'0C8AZTODP4HT'),(843512635457539,'0C8AZTODP4H7'),(843512635457539,'0C8AZYTQ5W5C'),(843498099048452,'0C8AZTODP4H3'),(843498099048452,'0C8AZTODP4H5'),(843498099048452,'0C8AZTODP4H6'),(843498099048452,'0C8AZTODP4H1'),(843498099048456,'0C8AZTODP4HT'),(843498099048458,'0C8AZTODP4H3'),(843498099048458,'0C8AZTODP4H5'),(843498099048458,'0C8AZTODP4H6'),(843498099048458,'0C8AZTODP4H1'),(843509306228737,'0C8AZTODP4HT'),(843498099048459,'0C8AZTODP4HT'),(843498099048450,'0C8AZTODP4H5'),(843498099048450,'0C8AZTODP4HT'),(843498099048450,'0C8AZYTQ5W5C'),(843594578001960,'0C8AZTODP4H4'),(843594578001960,'0C8AZTODP4H2'),(843512635457561,'0C8AZTODP4HT');

INSERT INTO endpoint (id,created_at,created_by,deleted,deleted_at,deleted_by,modified_at,modified_by,restored_at,restored_by,client_id,client_only,client_roles,client_scopes,description,domain_id,`method`,`path`,secured,user_only,user_roles,version) VALUES	 (0,NULL,'',0,NULL,'',NULL,'',NULL,'','0C8AZTODP4HT',0,'','TRUST','','0E8AZTODP400','GET','/auth-svc/clients/root',1,1,'ROLE_ROOT',0),	 (1,NULL,'',0,NULL,'',NULL,'',NULL,'','0C8AZTODP4HT',0,'','WRITE','','0E8AZTODP401','GET','/auth-svc/clients/user',1,1,'ROLE_USER',0),	 (2,NULL,'',0,NULL,'',NULL,'',NULL,'','0C8AZTODP4HT',0,'','TRUST','','0E8AZTODP402','POST','/auth-svc/clients/root',1,1,'ROLE_ROOT',0),	 (3,NULL,'',0,NULL,'',NULL,'',NULL,'','0C8AZTODP4HT',0,'','TRUST','','0E8AZTODP403','PUT','/auth-svc/clients/root/**',1,1,'ROLE_ROOT',0),	 (4,NULL,'',0,NULL,'',NULL,'',NULL,'','0C8AZTODP4HT',0,'','TRUST','','0E8AZTODP404','DELETE','/auth-svc/clients/root/**',1,1,'ROLE_ROOT',0),	 (5,NULL,'',0,NULL,'',NULL,'',NULL,'','0C8AZTODP4HT',1,'ROLE_FRONTEND,ROLE_FIRST_PARTY','WRITE','','0E8AZTODP405','POST','/auth-svc/users/app',1,0,'',0),	 (6,NULL,'',0,NULL,'',NULL,'',NULL,'','0C8AZTODP4HT',0,'','TRUST','','0E8AZTODP406','GET','/auth-svc/users/admin',1,1,'ROLE_ADMIN',0),	 (7,NULL,'',0,NULL,'',NULL,'',NULL,'','0C8AZTODP4HT',0,'','TRUST','','0E8AZTODP407','PUT','/auth-svc/users/admin/**',1,1,'ROLE_ADMIN',0),	 (8,NULL,'',0,NULL,'',NULL,'',NULL,'','0C8AZTODP4HT',0,'','TRUST','','0E8AZTODP408','DELETE','/auth-svc/users/admin/**',1,1,'ROLE_ROOT',0),	 (9,NULL,'',0,NULL,'',NULL,'',NULL,'','0C8AZTODP4HT',0,'','TRUST','','0E8AZTODP409','PUT','/auth-svc/users/user/pwd',1,1,'ROLE_USER',0);
INSERT INTO endpoint (id,created_at,created_by,deleted,deleted_at,deleted_by,modified_at,modified_by,restored_at,restored_by,client_id,client_only,client_roles,client_scopes,description,domain_id,`method`,`path`,secured,user_only,user_roles,version) VALUES	 (10,NULL,'',0,NULL,'',NULL,'',NULL,'','0C8AZTODP4HT',0,'','TRUST','','0E8AZTODP40A','POST','/auth-svc/authorize',1,1,'ROLE_USER',0),	 (11,NULL,'',0,NULL,'',NULL,'',NULL,'','0C8AZTODP4HT',1,'ROLE_BACKEND,ROLE_FIRST_PARTY','READ','','0E8AZTODP40B','GET','/auth-svc/users/app',1,0,'',0),	 (12,NULL,'',0,NULL,'',NULL,'',NULL,'','0C8AZTODP4HT',1,'ROLE_FRONTEND,ROLE_FIRST_PARTY','WRITE','','0E8AZTODP40C','POST','/auth-svc/pending-users/app',1,0,'',0),	 (13,NULL,'',0,NULL,'',NULL,'',NULL,'','0C8AZTODP4HT',1,'ROLE_FRONTEND,ROLE_FIRST_PARTY','WRITE','','0E8AZTODP40D','POST','/auth-svc/users/app/forgetPwd',1,0,'',0),	 (14,NULL,'',0,NULL,'',NULL,'',NULL,'','0C8AZTODP4HT',1,'ROLE_FRONTEND,ROLE_FIRST_PARTY','WRITE','','0E8AZTODP40E','POST','/auth-svc/users/app/resetPwd',1,0,'',0),	 (15,NULL,'',0,NULL,'',NULL,'',NULL,'','0C8AZTODP4HT',0,'','','','0E8AZTODP40F','POST','/auth-svc/oauth/token',0,0,'',0),	 (16,NULL,'',0,NULL,'',NULL,'',NULL,'','0C8AZTODP4HT',0,'','TRUST','','0E8AZTODP40G','POST','/auth-svc/revoke-tokens/root',1,0,'ROLE_ROOT',0),	 (17,NULL,'',0,NULL,'',NULL,'',NULL,'','0C8AZTODP4HT',0,'','TRUST','','0E8AZTODP40H','POST','/auth-svc/revoke-tokens/admin',1,0,'ROLE_ADMIN',0),	 (18,NULL,'',0,NULL,'',NULL,'',NULL,'','0C8AZTODP4HT',0,'','TRUST','','0E8AZTODP40I','POST','/auth-svc/endpoints/root',1,0,'ROLE_ROOT',0),	 (19,NULL,'',0,NULL,'',NULL,'',NULL,'','0C8AZTODP4HT',0,'','TRUST','','0E8AZTODP40J','GET','/auth-svc/endpoints/root',1,0,'ROLE_ROOT',0);
INSERT INTO endpoint (id,created_at,created_by,deleted,deleted_at,deleted_by,modified_at,modified_by,restored_at,restored_by,client_id,client_only,client_roles,client_scopes,description,domain_id,`method`,`path`,secured,user_only,user_roles,version) VALUES	 (20,NULL,'',0,NULL,'',NULL,'',NULL,'','0C8AZTODP4HT',0,'','TRUST','','0E8AZTODP40K','PUT','/auth-svc/endpoints/root/**',1,0,'ROLE_ROOT',0),	 (21,NULL,'',0,NULL,'',NULL,'',NULL,'','0C8AZTODP4HT',0,'','TRUST','','0E8AZTODP40L','DELETE','/auth-svc/endpoints/root/**',1,0,'ROLE_ROOT',0),	 (25,NULL,'',0,NULL,'',NULL,'',NULL,'','0C8AZTODP4H7',0,'','TRUST','','0E8AZTODP40M','GET','/profile-svc/addresses/user',1,1,'ROLE_USER',0),	 (26,NULL,'',0,NULL,'',NULL,'',NULL,'','0C8AZTODP4H7',0,'','TRUST','','0E8AZTODP40N','GET','/profile-svc/addresses/user/**',1,1,'ROLE_USER',0),	 (27,NULL,'',0,NULL,'',NULL,'',NULL,'','0C8AZTODP4H7',0,'','TRUST','','0E8AZTODP40O','POST','/profile-svc/addresses/user',1,1,'ROLE_USER',0),	 (28,NULL,'',0,NULL,'',NULL,'',NULL,'','0C8AZTODP4H7',0,'','TRUST','','0E8AZTODP40P','PUT','/profile-svc/addresses/user/**',1,1,'ROLE_USER',0),	 (29,NULL,'',0,NULL,'',NULL,'',NULL,'','0C8AZTODP4H7',0,'','TRUST','','0E8AZTODP40Q','DELETE','/profile-svc/addresses/user/**',1,1,'ROLE_USER',0),	 (30,NULL,'',0,NULL,'',NULL,'',NULL,'','0C8AZTODP4H7',0,'','TRUST','','0E8AZTODP40R','PUT','/profile-svc/orders/user/**/confirm',1,1,'ROLE_USER',0),	 (31,NULL,'',0,NULL,'',NULL,'',NULL,'','0C8AZTODP4H7',0,'','TRUST','','0E8AZTODP40S','GET','/profile-svc/orders/admin',1,1,'ROLE_ADMIN',0),	 (32,NULL,'',0,NULL,'',NULL,'',NULL,'','0C8AZTODP4H7',0,'','TRUST','','0E8AZTODP40T','GET','/profile-svc/orders/user/**',1,1,'ROLE_USER',0);
INSERT INTO endpoint (id,created_at,created_by,deleted,deleted_at,deleted_by,modified_at,modified_by,restored_at,restored_by,client_id,client_only,client_roles,client_scopes,description,domain_id,`method`,`path`,secured,user_only,user_roles,version) VALUES	 (33,NULL,'',0,NULL,'',NULL,'',NULL,'','0C8AZTODP4H7',0,'','TRUST','','0E8AZTODP40U','POST','/profile-svc/orders/user/**',1,1,'ROLE_USER',0),	 (35,NULL,'',0,NULL,'',NULL,'',NULL,'','0C8AZTODP4H7',0,'','TRUST','','0E8AZTODP40V','DELETE','/profile-svc/orders/user/**',1,1,'ROLE_USER',0),	 (36,NULL,'',0,NULL,'',NULL,'',NULL,'','0C8AZTODP4H7',0,'','TRUST','','0E8AZTODP40W','GET','/profile-svc/cart/user',1,1,'ROLE_USER',0),	 (37,NULL,'',0,NULL,'',NULL,'',NULL,'','0C8AZTODP4H7',0,'','TRUST','','0E8AZTODP40X','POST','/profile-svc/cart/user',1,1,'ROLE_USER',0),	 (39,NULL,'',0,NULL,'',NULL,'',NULL,'','0C8AZTODP4H7',0,'','TRUST','','0E8AZTODP40Y','DELETE','/profile-svc/cart/user/**',1,1,'ROLE_USER',0),	 (41,NULL,'',0,NULL,'',NULL,'',NULL,'','0C8AZTODP4H7',0,'','TRUST','','0E8AZTODP40Z','PUT','/profile-svc/orders/user/**/reserve',1,1,'ROLE_USER',0),	 (42,NULL,'',0,NULL,'',NULL,'',NULL,'','0C8AZTODP4H6',0,'','TRUST','','0E8AZTODP410','POST','/product-svc/catalogs/admin',1,1,'ROLE_ADMIN',0),	 (43,NULL,'',0,NULL,'',NULL,'',NULL,'','0C8AZTODP4H6',0,'','TRUST','','0E8AZTODP411','PUT','/product-svc/catalogs/admin/**',1,1,'ROLE_ADMIN',0),	 (44,NULL,'',0,NULL,'',NULL,'',NULL,'','0C8AZTODP4H6',0,'','TRUST','','0E8AZTODP412','DELETE','/product-svc/catalogs/admin/**',1,1,'ROLE_ADMIN',0),	 (46,NULL,'',0,NULL,'',NULL,'',NULL,'','0C8AZTODP4H6',0,'ROLE_BACKEND','TRUST','','0E8AZTODP413','PATCH','/product-svc/products/app',1,0,'',0);
INSERT INTO endpoint (id,created_at,created_by,deleted,deleted_at,deleted_by,modified_at,modified_by,restored_at,restored_by,client_id,client_only,client_roles,client_scopes,description,domain_id,`method`,`path`,secured,user_only,user_roles,version) VALUES	 (47,NULL,'',0,NULL,'',NULL,'',NULL,'','0C8AZTODP4H6',0,'','TRUST','','0E8AZTODP414','POST','/product-svc/products/admin',1,1,'ROLE_ADMIN',0),	 (48,NULL,'',0,NULL,'',NULL,'',NULL,'','0C8AZTODP4H6',0,'','TRUST','','0E8AZTODP415','PUT','/product-svc/products/admin/**',1,1,'ROLE_ADMIN',0),	 (49,NULL,'',0,NULL,'',NULL,'',NULL,'','0C8AZTODP4H6',0,'','TRUST','','0E8AZTODP416','DELETE','/product-svc/products/admin/**',1,1,'ROLE_ADMIN',0),	 (52,NULL,'',0,NULL,'',NULL,'',NULL,'','0C8AZTODP4H6',0,'','TRUST','','0E8AZTODP417','GET','/product-svc/products/admin/**',1,1,'ROLE_ADMIN',0),	 (53,NULL,'',0,NULL,'',NULL,'',NULL,'','0C8AZTODP4H6',0,'','','','0E8AZTODP418','GET','/product-svc/catalogs/public',0,0,'',0),	 (54,NULL,'',0,NULL,'',NULL,'',NULL,'','0C8AZTODP4H6',0,'','','','0E8AZTODP419','GET','/product-svc/products/public',0,0,'',0),	 (55,NULL,'',0,NULL,'',NULL,'',NULL,'','0C8AZTODP4H6',0,'','','','0E8AZTODP41A','GET','/product-svc/products/public/**',0,0,'',0),	 (57,NULL,'',0,NULL,'',NULL,'',NULL,'','0C8AZTODP4H5',1,'ROLE_BACKEND,ROLE_FIRST_PARTY','TRUST','','0E8AZTODP41B','POST','/messenger-svc/notifyBy/email/newOrder',1,0,'',0),	 (58,NULL,'',0,NULL,'',NULL,'',NULL,'','0C8AZTODP4H5',0,'','TRUST','','0E8AZTODP41C','GET','/messenger-svc/systemNotifications/root',1,1,'ROLE_ROOT',0),	 (60,NULL,'',0,NULL,'',NULL,'',NULL,'','0C8AZTODP4H4',0,'','TRUST,WRITE','','0E8AZTODP41E','POST','/file-upload-svc/files/app',1,1,'ROLE_ADMIN',0);
INSERT INTO endpoint (id,created_at,created_by,deleted,deleted_at,deleted_by,modified_at,modified_by,restored_at,restored_by,client_id,client_only,client_roles,client_scopes,description,domain_id,`method`,`path`,secured,user_only,user_roles,version) VALUES	 (61,NULL,'',0,NULL,'',NULL,'',NULL,'','0C8AZTODP4H4',0,'','','','0E8AZTODP41F','GET','/file-upload-svc/files/public/**',0,0,'',0),	 (62,NULL,'',0,NULL,'',NULL,'',NULL,'','0C8AZTODP4H3',1,'ROLE_BACKEND','TRUST','','0E8AZTODP41G','POST','/payment-svc/paymentLink',1,0,'',0),	 (63,NULL,'',0,NULL,'',NULL,'',NULL,'','0C8AZTODP4H3',1,'ROLE_BACKEND','TRUST','','0E8AZTODP41H','GET','/payment-svc/paymentStatus/**',1,0,'',0),	 (65,NULL,'',0,NULL,'',NULL,'',NULL,'','0C8AZTODP4H2',0,'','TRUST','','0E8AZTODP41I','GET','/bbs-svc/private/comments',1,1,'ROLE_USER',0),	 (66,NULL,'',0,NULL,'',NULL,'',NULL,'','0C8AZTODP4H2',0,'','','','0E8AZTODP41J','GET','/bbs-svc/public/posts/**/comments',0,0,'',0),	 (67,NULL,'',0,NULL,'',NULL,'',NULL,'','0C8AZTODP4H2',0,'','TRUST','','0E8AZTODP41K','POST','/bbs-svc/private/posts/**/comments',1,1,'ROLE_USER',0),	 (68,NULL,'',0,NULL,'',NULL,'',NULL,'','0C8AZTODP4H2',0,'','TRUST','','0E8AZTODP41L','DELETE','/bbs-svc/private/comments/**',1,1,'ROLE_USER',0),	 (69,NULL,'',0,NULL,'',NULL,'',NULL,'','0C8AZTODP4H2',0,'','','','0E8AZTODP41M','GET','/bbs-svc/public/posts',0,0,'',0),	 (70,NULL,'',0,NULL,'',NULL,'',NULL,'','0C8AZTODP4H2',0,'','TRUST','','0E8AZTODP41N','GET','/bbs-svc/private/posts',1,1,'ROLE_USER',0),	 (71,NULL,'',0,NULL,'',NULL,'',NULL,'','0C8AZTODP4H2',0,'','TRUST','','0E8AZTODP41O','POST','/bbs-svc/private/posts',1,1,'ROLE_USER',0);
INSERT INTO endpoint (id,created_at,created_by,deleted,deleted_at,deleted_by,modified_at,modified_by,restored_at,restored_by,client_id,client_only,client_roles,client_scopes,description,domain_id,`method`,`path`,secured,user_only,user_roles,version) VALUES	 (72,NULL,'',0,NULL,'',NULL,'',NULL,'','0C8AZTODP4H2',0,'','','','0E8AZTODP41P','GET','/bbs-svc/public/posts/**',0,0,'',0),	 (73,NULL,'',0,NULL,'',NULL,'',NULL,'','0C8AZTODP4H2',0,'','TRUST','','0E8AZTODP41Q','PUT','/bbs-svc/private/posts/**',1,1,'ROLE_USER',0),	 (74,NULL,'',0,NULL,'',NULL,'',NULL,'','0C8AZTODP4H2',0,'','TRUST','','0E8AZTODP41R','DELETE','/bbs-svc/private/posts/**',1,1,'ROLE_USER',0),	 (75,NULL,'',0,NULL,'',NULL,'',NULL,'','0C8AZTODP4H2',0,'','TRUST','','0E8AZTODP41S','POST','/bbs-svc/private/posts/**/likes',1,1,'ROLE_USER',0),	 (76,NULL,'',0,NULL,'',NULL,'',NULL,'','0C8AZTODP4H2',0,'','TRUST','','0E8AZTODP41T','DELETE','/bbs-svc/private/posts/**/likes',1,1,'ROLE_USER',0),	 (77,NULL,'',0,NULL,'',NULL,'',NULL,'','0C8AZTODP4H2',0,'','TRUST','','0E8AZTODP41U','POST','/bbs-svc/private/comments/**/likes',1,1,'ROLE_USER',0),	 (78,NULL,'',0,NULL,'',NULL,'',NULL,'','0C8AZTODP4H2',0,'','TRUST','','0E8AZTODP41V','DELETE','/bbs-svc/private/comments/**/likes',1,1,'ROLE_USER',0),	 (79,NULL,'',0,NULL,'',NULL,'',NULL,'','0C8AZTODP4H2',0,'','TRUST','','0E8AZTODP41W','POST','/bbs-svc/private/posts/**/dislikes',1,1,'ROLE_USER',0),	 (80,NULL,'',0,NULL,'',NULL,'',NULL,'','0C8AZTODP4H2',0,'','TRUST','','0E8AZTODP41X','DELETE','/bbs-svc/private/posts/**/dislikes',1,1,'ROLE_USER',0),	 (81,NULL,'',0,NULL,'',NULL,'',NULL,'','0C8AZTODP4H2',0,'','TRUST','','0E8AZTODP41Y','POST','/bbs-svc/private/comments/**/dislikes',1,1,'ROLE_USER',0);
INSERT INTO endpoint (id,created_at,created_by,deleted,deleted_at,deleted_by,modified_at,modified_by,restored_at,restored_by,client_id,client_only,client_roles,client_scopes,description,domain_id,`method`,`path`,secured,user_only,user_roles,version) VALUES	 (82,NULL,'',0,NULL,'',NULL,'',NULL,'','0C8AZTODP4H2',0,'','TRUST','','0E8AZTODP41Z','DELETE','/bbs-svc/private/comments/**/dislikes',1,1,'ROLE_USER',0),	 (83,NULL,'',0,NULL,'',NULL,'',NULL,'','0C8AZTODP4H2',0,'','TRUST','','0E8AZTODP420','POST','/bbs-svc/private/posts/**/reports',1,1,'ROLE_USER',0),	 (84,NULL,'',0,NULL,'',NULL,'',NULL,'','0C8AZTODP4H2',0,'','TRUST','','0E8AZTODP421','DELETE','/bbs-svc/private/posts/**/reports',1,1,'ROLE_USER',0),	 (85,NULL,'',0,NULL,'',NULL,'',NULL,'','0C8AZTODP4H2',0,'','TRUST','','0E8AZTODP422','POST','/bbs-svc/private/comments/**/reports',1,1,'ROLE_USER',0),	 (86,NULL,'',0,NULL,'',NULL,'',NULL,'','0C8AZTODP4H2',0,'','TRUST','','0E8AZTODP423','DELETE','/bbs-svc/private/comments/**/reports',1,1,'ROLE_USER',0),	 (87,NULL,'',0,NULL,'',NULL,'',NULL,'','0C8AZTODP4H2',0,'','TRUST','','0E8AZTODP424','POST','/bbs-svc/private/posts/**/notInterested',1,1,'ROLE_USER',0),	 (88,NULL,'',0,NULL,'',NULL,'',NULL,'','0C8AZTODP4H2',0,'','TRUST','','0E8AZTODP425','DELETE','/bbs-svc/private/posts/**/notInterested',1,1,'ROLE_USER',0),	 (89,NULL,'',0,NULL,'',NULL,'',NULL,'','0C8AZTODP4H2',0,'','TRUST','','0E8AZTODP426','POST','/bbs-svc/private/comments/**/notInterested',1,1,'ROLE_USER',0),	 (90,NULL,'',0,NULL,'',NULL,'',NULL,'','0C8AZTODP4H2',0,'','TRUST','','0E8AZTODP427','DELETE','/bbs-svc/private/comments/**/notInterested',1,1,'ROLE_USER',0),	 (91,NULL,'',0,NULL,'',NULL,'',NULL,'','0C8AZTODP4H2',0,'','TRUST','','0E8AZTODP428','GET','/bbs-svc/admin/posts',1,1,'ROLE_ADMIN',0);
INSERT INTO endpoint (id,created_at,created_by,deleted,deleted_at,deleted_by,modified_at,modified_by,restored_at,restored_by,client_id,client_only,client_roles,client_scopes,description,domain_id,`method`,`path`,secured,user_only,user_roles,version) VALUES	 (92,NULL,'',0,NULL,'',NULL,'',NULL,'','0C8AZTODP4H2',0,'','TRUST','','0E8AZTODP429','DELETE','/bbs-svc/admin/posts/**',1,1,'ROLE_ADMIN',0),	 (93,NULL,'',0,NULL,'',NULL,'',NULL,'','0C8AZTODP4H2',0,'','TRUST','','0E8AZTODP42A','GET','/bbs-svc/admin/comments',1,1,'ROLE_ADMIN',0),	 (94,NULL,'',0,NULL,'',NULL,'',NULL,'','0C8AZTODP4H2',0,'','TRUST','','0E8AZTODP42B','DELETE','/bbs-svc/admin/comments/**',1,1,'ROLE_ADMIN',0),	 (95,NULL,'',0,NULL,'',NULL,'',NULL,'','0C8AZTODP4H2',0,'','TRUST','','0E8AZTODP42C','GET','/bbs-svc/admin/likes',1,1,'ROLE_ADMIN',0),	 (96,NULL,'',0,NULL,'',NULL,'',NULL,'','0C8AZTODP4H2',0,'','TRUST','','0E8AZTODP42D','GET','/bbs-svc/admin/dislikes',1,1,'ROLE_ADMIN',0),	 (97,NULL,'',0,NULL,'',NULL,'',NULL,'','0C8AZTODP4H2',0,'','TRUST','','0E8AZTODP42E','GET','/bbs-svc/admin/reports',1,1,'ROLE_ADMIN',0),	 (98,NULL,'',0,NULL,'',NULL,'',NULL,'','0C8AZTODP4H2',0,'','TRUST','','0E8AZTODP42F','GET','/bbs-svc/admin/notInterested',1,1,'ROLE_ADMIN',0),	 (99,NULL,'',0,NULL,'',NULL,'',NULL,'','0C8AZTODP4H7',0,'','TRUST','','0E8AZTODP42G','GET','/profile-svc/profiles/orders/id',1,1,'ROLE_USER',0),	 (100,NULL,'',0,NULL,'',NULL,'',NULL,'','0C8AZTODP4H7',0,'','TRUST','','0E8AZTODP42H','GET','/profile-svc/profiles/orders/scheduler/resubmit',1,1,'ROLE_USER',0),	 (101,NULL,'',0,NULL,'',NULL,'',NULL,'','0C8AZTODP4H6',0,'','TRUST','','0E8AZTODP42I','GET','/product-svc/catalogs/admin',1,1,'ROLE_ADMIN',0);
INSERT INTO endpoint (id,created_at,created_by,deleted,deleted_at,deleted_by,modified_at,modified_by,restored_at,restored_by,client_id,client_only,client_roles,client_scopes,description,domain_id,`method`,`path`,secured,user_only,user_roles,version) VALUES	 (103,NULL,'',0,NULL,'',NULL,'',NULL,'','0C8AZTODP4H6',0,'','TRUST','','0E8AZTODP42J','GET','/product-svc/products/admin',1,1,'ROLE_ADMIN',0),	 (105,NULL,'',0,NULL,'',NULL,'',NULL,'','0C8AZTODP4H6',0,'','TRUST','','0E8AZTODP42K','GET','/product-svc/attributes/admin',1,1,'ROLE_ADMIN',0),	 (106,NULL,'',0,NULL,'',NULL,'',NULL,'','0C8AZTODP4H6',0,'','TRUST','','0E8AZTODP42L','POST','/product-svc/attributes/admin',1,1,'ROLE_ADMIN',0),	 (107,NULL,'',0,NULL,'',NULL,'',NULL,'','0C8AZTODP4H6',0,'','TRUST','','0E8AZTODP42M','PUT','/product-svc/attributes/admin/**',1,1,'ROLE_ADMIN',0),	 (108,NULL,'',0,NULL,'',NULL,'',NULL,'','0C8AZTODP4H6',0,'','TRUST','','0E8AZTODP42N','DELETE','/product-svc/attributes/admin/**',1,1,'ROLE_ADMIN',0),	 (109,NULL,'',0,NULL,'',NULL,'',NULL,'','0C8AZTODP4H6',0,'','TRUST','','0E8AZTODP42O','GET','/product-svc/filters/admin',1,1,'ROLE_ADMIN',0),	 (110,NULL,'',0,NULL,'',NULL,'',NULL,'','0C8AZTODP4H6',0,'','TRUST','','0E8AZTODP42P','GET','/product-svc/filters/admin/**',1,1,'ROLE_ADMIN',0),	 (111,NULL,'',0,NULL,'',NULL,'',NULL,'','0C8AZTODP4H6',0,'','TRUST','','0E8AZTODP42Q','POST','/product-svc/filters/admin',1,1,'ROLE_ADMIN',0),	 (112,NULL,'',0,NULL,'',NULL,'',NULL,'','0C8AZTODP4H6',0,'','TRUST','','0E8AZTODP42R','PUT','/product-svc/filters/admin/**',1,1,'ROLE_ADMIN',0),	 (113,NULL,'',0,NULL,'',NULL,'',NULL,'','0C8AZTODP4H6',0,'','TRUST','','0E8AZTODP42S','DELETE','/product-svc/filters/admin/**',1,1,'ROLE_ADMIN',0);
INSERT INTO endpoint (id,created_at,created_by,deleted,deleted_at,deleted_by,modified_at,modified_by,restored_at,restored_by,client_id,client_only,client_roles,client_scopes,description,domain_id,`method`,`path`,secured,user_only,user_roles,version) VALUES	 (114,NULL,'',0,NULL,'',NULL,'',NULL,'','0C8AZTODP4H6',0,'','','','0E8AZTODP42T','GET','/product-svc/filters/public',0,0,'',0),	 (116,NULL,'',0,NULL,'',NULL,'',NULL,'','0C8AZTODP4H6',0,'','TRUST','','0E8AZTODP42U','GET','/product-svc/attributes/admin/**',1,1,'ROLE_ADMIN',0),	 (117,NULL,'',0,NULL,'',NULL,'',NULL,'','0C8AZTODP4H6',0,'','TRUST','','0E8AZTODP42V','GET','/product-svc/catalogs/admin/**',1,1,'ROLE_ADMIN',0),	 (118,NULL,'',0,NULL,'',NULL,'',NULL,'','0C8AZTODP4H6',0,'','TRUST','','0E8AZTODP42W','PATCH','/product-svc/products/admin/**',1,1,'ROLE_ADMIN',0),	 (119,NULL,'',0,NULL,'',NULL,'',NULL,'','0C8AZTODP4H6',0,'','TRUST','','0E8AZTODP42X','PATCH','/product-svc/products/admin',1,1,'ROLE_ADMIN',0),	 (120,NULL,'',0,NULL,'',NULL,'',NULL,'','0C8AZTODP4H6',0,'','TRUST','','0E8AZTODP42Y','DELETE','/product-svc/products/admin',1,1,'ROLE_ADMIN',0),	 (121,NULL,'',0,NULL,'',NULL,'',NULL,'','0C8AZTODP4H6',1,'ROLE_BACKEND','TRUST','','0E8AZTODP42Z','GET','/product-svc/products/app',1,0,'',0),	 (123,NULL,'',0,NULL,'',NULL,'',NULL,'','0C8AZTODP4H6',0,'','TRUST','','0E8AZTODP430','PATCH','/product-svc/attributes/admin/**',1,1,'ROLE_ADMIN',0),	 (124,NULL,'',0,NULL,'',NULL,'',NULL,'','0C8AZTODP4H6',0,'','TRUST','','0E8AZTODP431','PATCH','/product-svc/catalogs/admin/**',1,1,'ROLE_ADMIN',0),	 (125,NULL,'',0,NULL,'',NULL,'',NULL,'','0C8AZTODP4HT',0,'','TRUST','','0E8AZTODP432','GET','/auth-svc/clients/root/**',1,1,'ROLE_ROOT',0);
INSERT INTO endpoint (id,created_at,created_by,deleted,deleted_at,deleted_by,modified_at,modified_by,restored_at,restored_by,client_id,client_only,client_roles,client_scopes,description,domain_id,`method`,`path`,secured,user_only,user_roles,version) VALUES	 (126,NULL,'',0,NULL,'',NULL,'',NULL,'','0C8AZTODP4HT',0,'','TRUST','','0E8AZTODP433','PATCH','/auth-svc/clients/root/**',1,1,'ROLE_ROOT',0),	 (127,NULL,'',0,NULL,'',NULL,'',NULL,'','0C8AZTODP4HT',0,'','TRUST','','0E8AZTODP434','GET','/auth-svc/users/admin/**',1,1,'ROLE_ADMIN',0),	 (128,NULL,'',0,NULL,'',NULL,'',NULL,'','0C8AZTODP4HT',0,'','TRUST','','0E8AZTODP435','GET','/auth-svc/endpoints/root/**',1,0,'ROLE_ROOT',0),	 (130,NULL,'',0,NULL,'',NULL,'',NULL,'','0C8AZTODP4HT',0,'','TRUST','','0E8AZTODP437','PATCH','/auth-svc/users/admin/**',1,1,'ROLE_ADMIN',0),	 (131,NULL,'',0,NULL,'',NULL,'',NULL,'','0C8AZTODP4HT',0,'','TRUST','','0E8AZTODP438','PATCH','/auth-svc/users/admin',1,1,'ROLE_ADMIN',0),	 (132,NULL,'',0,NULL,'',NULL,'',NULL,'','0C8AZTODP4HT',0,'','TRUST','','0E8AZTODP439','DELETE','/auth-svc/endpoints/root',1,0,'ROLE_ROOT',0),	 (133,NULL,'',0,NULL,'',NULL,'',NULL,'','0C8AZTODP4H6',0,'','TRUST','','0E8AZTODP43A','DELETE','/product-svc/catalogs/admin',1,1,'ROLE_ADMIN',0),	 (134,NULL,'',0,NULL,'',NULL,'',NULL,'','0C8AZTODP4H6',0,'','TRUST','','0E8AZTODP43B','DELETE','/product-svc/attributes/admin',1,1,'ROLE_ADMIN',0),	 (135,NULL,'',0,NULL,'',NULL,'',NULL,'','0C8AZTODP4H6',0,'','TRUST','','0E8AZTODP43C','PATCH','/product-svc/filters/admin/**',1,1,'ROLE_ADMIN',0),	 (136,NULL,'',0,NULL,'',NULL,'',NULL,'','0C8AZTODP4H6',0,'','TRUST','','0E8AZTODP43D','DELETE','/product-svc/filters/admin',1,1,'ROLE_ADMIN',0);
INSERT INTO endpoint (id,created_at,created_by,deleted,deleted_at,deleted_by,modified_at,modified_by,restored_at,restored_by,client_id,client_only,client_roles,client_scopes,description,domain_id,`method`,`path`,secured,user_only,user_roles,version) VALUES	 (137,NULL,'',0,NULL,'',NULL,'',NULL,'','0C8AZTODP4HT',0,'','TRUST','','0E8AZTODP43E','PATCH','/auth-svc/endpoints/root/**',1,0,'ROLE_ROOT',0),	 (138,NULL,'',0,NULL,'',NULL,'',NULL,'','0C8AZTODP4HT',0,'','TRUST','','0E8AZTODP43F','DELETE','/product-svc/products/change/root/**',1,1,'ROLE_ROOT',0),	 (139,NULL,'',0,NULL,'',NULL,'',NULL,'','0C8AZTODP4HT',0,'','TRUST','','0E8AZTODP43G','DELETE','/product-svc/products/change/admin/**',1,1,'ROLE_ADMIN',0),	 (141,NULL,'',0,NULL,'',NULL,'',NULL,'','0C8AZTODP4HT',0,'','TRUST','','0E8AZTODP43H','DELETE','/auth-svc/changes/root/**',1,1,'ROLE_ROOT',0),	 (143,NULL,'',0,NULL,'',NULL,'',NULL,'','0C8AZTODP4HT',0,'','TRUST','','0E8AZTODP43I','GET','/auth-svc/changes/root',1,1,'ROLE_ROOT',0),	 (147,NULL,'',0,NULL,'',NULL,'',NULL,'','0C8AZTODP4H6',0,'','TRUST','','0E8AZTODP43L','GET','/product-svc/changes/root',1,1,'ROLE_ROOT',0),	 (148,NULL,'',0,NULL,'',NULL,'',NULL,'','0C8AZTODP4H6',0,'','TRUST','','0E8AZTODP43M','DELETE','/product-svc/changes/root/**',1,1,'ROLE_ROOT',0),	 (149,NULL,'',0,NULL,'',NULL,'',NULL,'','0C8AZTODP4HT',0,'','TRUST','','0E8AZTODP43N','GET','/auth-svc/revoke-tokens/root',1,0,'ROLE_ROOT',0),	 (150,NULL,'',0,NULL,'',NULL,'',NULL,'','0C8AZTODP4H6',0,'','TRUST','','0E8AZTODP43O','GET','/product-svc/skus/admin',1,1,'ROLE_ADMIN',0),	 (151,NULL,'',0,NULL,'',NULL,'',NULL,'','0C8AZTODP4H6',0,'','TRUST','','0E8AZTODP43P','GET','/product-svc/skus/admin/**',1,1,'ROLE_ADMIN',0);
INSERT INTO endpoint (id,created_at,created_by,deleted,deleted_at,deleted_by,modified_at,modified_by,restored_at,restored_by,client_id,client_only,client_roles,client_scopes,description,domain_id,`method`,`path`,secured,user_only,user_roles,version) VALUES	 (152,NULL,'',0,NULL,'',NULL,'',NULL,'','0C8AZTODP4H6',0,'','TRUST','','0E8AZTODP43Q','POST','/product-svc/skus/admin',1,1,'ROLE_ADMIN',0),	 (153,NULL,'',0,NULL,'',NULL,'',NULL,'','0C8AZTODP4H6',0,'','TRUST','','0E8AZTODP43R','PATCH','/product-svc/skus/admin',1,1,'ROLE_ADMIN',0),	 (154,NULL,'',0,NULL,'',NULL,'',NULL,'','0C8AZTODP4H6',0,'','TRUST','','0E8AZTODP43S','PATCH','/product-svc/skus/admin/**',1,1,'ROLE_ADMIN',0),	 (155,NULL,'',0,NULL,'',NULL,'',NULL,'','0C8AZTODP4H6',0,'','TRUST','','0E8AZTODP43T','DELETE','/product-svc/skus/admin/**',1,1,'ROLE_ADMIN',0),	 (156,NULL,'',0,NULL,'',NULL,'',NULL,'','0C8AZTODP4H6',0,'','TRUST','','0E8AZTODP43U','DELETE','/product-svc/skus/admin',1,1,'ROLE_ADMIN',0),	 (157,NULL,'',0,NULL,'',NULL,'',NULL,'','0C8AZTODP4H6',0,'','TRUST','','0E8AZTODP43V','PUT','/product-svc/skus/admin/**',1,1,'ROLE_ADMIN',0),	 (158,NULL,'',0,NULL,'',NULL,'',NULL,'','0C8AZTODP4H6',1,'ROLE_BACKEND','TRUST','','0E8AZTODP43W','DELETE','/product-svc/changes/app',1,0,'',0),	 (161,NULL,'',0,NULL,'',NULL,'',NULL,'','0C8AZTODP4H7',0,'','TRUST','','0E8AZTODP43X','GET','/profile-svc/orders/admin/**',1,1,'ROLE_ADMIN',0),	 (162,NULL,'',0,NULL,'',NULL,'',NULL,'','0C8AZTODP4H7',0,'','TRUST','','0E8AZTODP43Y','GET','/profile-svc/orders/user',1,1,'ROLE_USER',0),	 (163,NULL,'',0,NULL,'',NULL,'',NULL,'','0C8AZTODP4H7',0,'','TRUST','','0E8AZTODP43Z','GET','/profile-svc/addresses/admin',1,1,'ROLE_ADMIN',0);
INSERT INTO endpoint (id,created_at,created_by,deleted,deleted_at,deleted_by,modified_at,modified_by,restored_at,restored_by,client_id,client_only,client_roles,client_scopes,description,domain_id,`method`,`path`,secured,user_only,user_roles,version) VALUES	 (164,NULL,'',0,NULL,'',NULL,'',NULL,'','0C8AZTODP4H7',0,'','TRUST','','0E8AZTODP440','GET','/profile-svc/addresses/admin/**',1,1,'ROLE_ADMIN',0),	 (165,NULL,'',0,NULL,'',NULL,'',NULL,'','0C8AZTODP4H7',1,'ROLE_BACKEND,ROLE_FIRST_PARTY','TRUST','','0E8AZTODP441','POST','/profile-svc/orders/app/validate',1,0,'',0),	 (166,NULL,'',0,NULL,'',NULL,'',NULL,'','0C8AZTODP4H7',1,'ROLE_BACKEND,ROLE_FIRST_PARTY','TRUST','','0E8AZTODP442','PUT','/profile-svc/orders/app/**',1,0,'',0),	 (167,NULL,'',0,NULL,'',NULL,'',NULL,'','0C8AZTODP4H7',0,'','TRUST','','0E8AZTODP443','PUT','/profile-svc/orders/user/**',1,1,'ROLE_USER',0),	 (168,NULL,'',0,NULL,'',NULL,'',NULL,'','0C8AZTODP4H1',1,'ROLE_BACKEND,ROLE_FIRST_PARTY','TRUST','','0E8AZTODP444','POST','/saga-svc/sm/app',1,0,'',0),	 (169,NULL,'',0,NULL,'',NULL,'',NULL,'','0C8AZTODP4H7',1,'ROLE_BACKEND,ROLE_FIRST_PARTY','TRUST','','0E8AZTODP445','POST','/profile-svc/orders/app',1,0,'',0),	 (170,NULL,'',0,NULL,'',NULL,'',NULL,'','0C8AZTODP4H1',0,'','TRUST','','0E8AZTODP446','GET','/saga-svc/tasks/admin',1,1,'ROLE_ADMIN',0),	 (171,NULL,'',0,NULL,'',NULL,'',NULL,'','0C8AZTODP4H7',1,'ROLE_BACKEND,ROLE_FIRST_PARTY','TRUST','','0E8AZTODP447','DELETE','/profile-svc/cart/app',1,0,'',0),	 (172,NULL,'',0,NULL,'',NULL,'',NULL,'','0C8AZTODP4H7',1,'ROLE_BACKEND','TRUST','','0E8AZTODP448','DELETE','/profile-svc/changes/app',1,0,'',0),	 (173,NULL,'',0,NULL,'',NULL,'',NULL,'','0C8AZTODP4H3',1,'ROLE_BACKEND','TRUST','','0E8AZTODP449','DELETE','/payment-svc/changes/app',1,0,'',0);
INSERT INTO endpoint (id,created_at,created_by,deleted,deleted_at,deleted_by,modified_at,modified_by,restored_at,restored_by,client_id,client_only,client_roles,client_scopes,description,domain_id,`method`,`path`,secured,user_only,user_roles,version) VALUES	 (174,NULL,'',0,NULL,'',NULL,'',NULL,'','0C8AZTODP4H7',0,'','TRUST','','0E8AZTODP44A','GET','/profile-svc/changes/root/**',1,1,'ROLE_ROOT',0),	 (175,NULL,'',0,NULL,'',NULL,'',NULL,'','0C8AZTODP4H3',0,'','TRUST','','0E8AZTODP44B','GET','/payment-svc/changes/root/**',1,1,'ROLE_ROOT',0),	 (176,NULL,'',0,NULL,'',NULL,'',NULL,'','0C8AZTODP4H0',0,'','TRUST','','0E8AZTODP44C','POST','/object-svc/events/admin/**',1,1,'ROLE_ADMIN',0),	 (177,NULL,'',0,NULL,'',NULL,'',NULL,'','0C8AZTODP4H0',0,'','TRUST','','0E8AZTODP44D','GET','/object-svc/events/admin/**',1,1,'ROLE_ADMIN',0),	 (178,NULL,'',0,NULL,'',NULL,'',NULL,'','0C8AZTODP4H0',0,'','TRUST','','0E8AZTODP44E','PUT','/object-svc/events/admin/**',1,1,'ROLE_ADMIN',0),	 (179,NULL,'',0,NULL,'',NULL,'',NULL,'','0C8AZTODP4H0',0,'','TRUST','','0E8AZTODP44F','DELETE','/object-svc/events/admin/**',1,1,'ROLE_ADMIN',0),	 (180,NULL,'',0,NULL,'',NULL,'',NULL,'','0C8AZTODP4HT',0,'','TRUST','','0E8AZTODP450','POST','/auth-svc/endpoints/root/event/reload',1,1,'ROLE_ROOT',0);
