
INSERT INTO user_ (ID,Created_at,deleted,Email,PASSWORD,modified_at,locked,granted_authorities,created_by,domain_id,subscription,version) VALUES(838330249904129,CURRENT_TIMESTAMP,0,'haolinwei2015@gmail.com','$2a$10$AWv./gLENRDp7ghJbawG1uSYa0Qlf4xwaaMW8LHwcEOBdVOB6UPZW',CURRENT_TIMESTAMP,false,'ROLE_ROOT,ROLE_ADMIN,ROLE_USER','script','0U8AZTODP4H0',true,0);
INSERT INTO user_ (ID,Created_at,deleted,Email,PASSWORD,modified_at,locked,granted_authorities,created_by,domain_id,subscription,version) VALUES(838330249904130,CURRENT_TIMESTAMP,0,'haolinwei2017@gmail.com','$2a$10$AWv./gLENRDp7ghJbawG1uSYa0Qlf4xwaaMW8LHwcEOBdVOB6UPZW',CURRENT_TIMESTAMP,false,'ROLE_ADMIN,ROLE_USER','script','0U8AZTODP4H1',false,0);
INSERT INTO user_ (ID,Created_at,deleted,Email,PASSWORD,modified_at,locked,granted_authorities,created_by,domain_id,subscription,version) VALUES(838330249904131,CURRENT_TIMESTAMP,0,'haolinwei2018@gmail.com','$2a$10$AWv./gLENRDp7ghJbawG1uSYa0Qlf4xwaaMW8LHwcEOBdVOB6UPZW',CURRENT_TIMESTAMP,false,'ROLE_USER','script','0U8AZTODP4H2',false,0);

INSERT INTO client (id,created_at,created_by,deleted,deleted_at,deleted_by,modified_at,modified_by,restored_at,restored_by,accessible_,authorities,auto_approve,redirect_urls,authorization_code_gt_access_token_validity_seconds,authorization_code_gt_enabled,client_credentials_gt_access_token_validity_seconds,client_credentials_gt_enabled,domain_id,description,name,pwd_gt_refresh_token_gt_enabled,pwd_gt_refresh_token_gt_refresh_token_validity_seconds,password_gt_access_token_validity_seconds,password_gt_enabled,scopes,secret,version)VALUES(843498099048450,'2020-12-24 21:22:27','0',0,NULL,NULL,'2020-12-24 21:22:27','0',NULL,NULL,1,'ROLE_TRUST,ROLE_FIRST_PARTY,ROLE_BACKEND,ROLE_ROOT',0,'',120,0,120,1,'0C8AZTODP4HT',NULL,'identityAccess',0,0,120,0,'READ,TRUST,WRITE','$2a$12$3ke5rpx81DFfYlLXpQW6TOvTw2W8OkG.p5oFOmFsnmh7LVp11khna',0),(843509306228737,'2020-12-25 03:18:43','0',0,NULL,NULL,'2020-12-25 03:18:43','0',NULL,NULL,1,'ROLE_TRUST,ROLE_FIRST_PARTY,ROLE_BACKEND,ROLE_ROOT',0,'',120,0,120,1,'0C8AZYTQ5W5C',NULL,'edgeProxy',0,0,120,0,'READ,TRUST,WRITE','$2a$12$.HPmCVWM86g.OmWmWgsttuXB95onmQXhsNqwA.ugS9qdn/rxnLk/6',0),(843509757116417,'2020-12-25 03:33:03','0',0,NULL,NULL,'2020-12-25 03:33:03','0',NULL,NULL,0,'ROLE_TRUST,ROLE_FRONTEND,ROLE_ROOT',0,'',120,0,120,0,'0C8AZZ16LZB4',NULL,'adminUILogin',1,0,120,1,'READ,TRUST,WRITE','$2a$12$lBpm19kTPZserQCa72/67OAPAjPZWc0yJ9Kh6xPYPYOSVuFWS94IC',0),(843511877861378,'2020-12-25 04:40:28','0',0,NULL,NULL,'2020-12-25 04:40:28','0',NULL,NULL,0,'ROLE_FIRST_PARTY,ROLE_FRONTEND,ROLE_ROOT',0,'',120,0,120,1,'0C8B00098WLD',NULL,'adminUIRegister',0,0,120,0,'READ,WRITE','$2a$12$lBpm19kTPZserQCa72/67OAPAjPZWc0yJ9Kh6xPYPYOSVuFWS94IC',0),(843512635457539,'2020-12-25 05:04:33','0',0,NULL,NULL,'2020-12-25 05:04:33','0',NULL,NULL,0,'ROLE_TRUST,ROLE_FRONTEND,ROLE_ROOT',0,'',120,0,120,0,'0C8B00CSATJ6',NULL,'testPasswordOnly',0,0,120,1,'READ,TRUST,WRITE','$2a$12$k73Ru5FaxyoX5NxQ775SxefRDY04HVvUNekQ.X/tBZJcsUuBUqiMS',0),(843594578001923,'2020-12-27 00:29:26','0',0,NULL,NULL,'2020-12-27 00:29:26','0',NULL,NULL,0,'ROLE_FIRST_PARTY,ROLE_FRONTEND',1,'http://localhost:4200/account,http://localhost:4200/zh-Hans/account',120,1,120,0,'0C8B11ZYRXFM',NULL,'objectMarket',0,0,120,0,'READ,WRITE','$2a$12$5PlVPPijEbr69oYIdC9e2uvDzW7NPqxnoxU9aKFiemB2vG7UmaC1S',0),(843498099048451,'2020-12-24 21:22:27','0',0,NULL,NULL,'2020-12-24 21:22:27','0',NULL,NULL,1,'ROLE_TRUST,ROLE_FIRST_PARTY,ROLE_BACKEND,ROLE_ROOT',0,'',122,0,122,1,'0C8AZTODP4H0',NULL,'eventStore',0,0,122,0,'READ,TRUST,WRITE','$2a$12$3ke5rpx81DFfYlLXpQW6TOvTw2W8OkG.p5oFOmFsnmh7LVp11khna',0),(843498099048452,'2020-12-24 21:22:27','0',0,NULL,NULL,'2020-12-24 21:22:27','0',NULL,NULL,1,'ROLE_TRUST,ROLE_FIRST_PARTY,ROLE_BACKEND',0,'',121,0,121,1,'0C8AZTODP4H1',NULL,'sagaOrchestrator',0,0,121,0,'READ,TRUST,WRITE','$2a$12$3ke5rpx81DFfYlLXpQW6TOvTw2W8OkG.p5oFOmFsnmh7LVp11khna',0);
INSERT INTO client (id,created_at,created_by,deleted,deleted_at,deleted_by,modified_at,modified_by,restored_at,restored_by,accessible_,authorities,auto_approve,redirect_urls,authorization_code_gt_access_token_validity_seconds,authorization_code_gt_enabled,client_credentials_gt_access_token_validity_seconds,client_credentials_gt_enabled,domain_id,description,name,pwd_gt_refresh_token_gt_enabled,pwd_gt_refresh_token_gt_refresh_token_validity_seconds,password_gt_access_token_validity_seconds,password_gt_enabled,scopes,secret,version)VALUES(843498099048453,'2020-12-24 21:22:27','0',0,NULL,NULL,'2020-12-24 21:22:27','0',NULL,NULL,1,'ROLE_TRUST,ROLE_FIRST_PARTY,ROLE_BACKEND',0,'',120,0,120,1,'0C8AZTODP4H2',NULL,'bbsBackend',0,0,120,0,'TRUST','$2a$12$3ke5rpx81DFfYlLXpQW6TOvTw2W8OkG.p5oFOmFsnmh7LVp11khna',0),(843498099048454,'2020-12-24 21:22:27','0',0,NULL,NULL,'2020-12-24 21:22:27','0',NULL,NULL,1,'ROLE_TRUST,ROLE_FIRST_PARTY,ROLE_BACKEND',0,'',120,0,120,1,'0C8AZTODP4H3',NULL,'payment',0,0,120,0,'TRUST','$2a$12$3ke5rpx81DFfYlLXpQW6TOvTw2W8OkG.p5oFOmFsnmh7LVp11khna',0),(843498099048455,'2020-12-24 21:22:27','0',0,NULL,NULL,'2020-12-24 21:22:27','0',NULL,NULL,1,'ROLE_TRUST,ROLE_FIRST_PARTY,ROLE_BACKEND',0,'',120,0,120,1,'0C8AZTODP4H4',NULL,'fileUpload',0,0,120,0,'READ,TRUST,WRITE','$2a$12$3ke5rpx81DFfYlLXpQW6TOvTw2W8OkG.p5oFOmFsnmh7LVp11khna',0),(843498099048456,'2020-12-24 21:22:27','0',0,NULL,NULL,'2020-12-24 21:22:27','0',NULL,NULL,1,'ROLE_TRUST,ROLE_FIRST_PARTY,ROLE_BACKEND',0,'',120,0,120,1,'0C8AZTODP4H5',NULL,'messenger',0,0,120,0,'READ,TRUST,WRITE','$2a$12$3ke5rpx81DFfYlLXpQW6TOvTw2W8OkG.p5oFOmFsnmh7LVp11khna',0),(843498099048457,'2020-12-24 21:22:27','0',0,NULL,NULL,'2020-12-24 21:22:27','0',NULL,NULL,1,'ROLE_TRUST,ROLE_FIRST_PARTY,ROLE_BACKEND',0,'',120,0,120,1,'0C8AZTODP4H6',NULL,'product',0,0,120,0,'READ,TRUST,WRITE','$2a$12$3ke5rpx81DFfYlLXpQW6TOvTw2W8OkG.p5oFOmFsnmh7LVp11khna',0),(843498099048458,'2020-12-24 21:22:27','0',0,NULL,NULL,'2020-12-24 21:22:27','0',NULL,NULL,1,'ROLE_TRUST,ROLE_FIRST_PARTY,ROLE_BACKEND',0,'',120,0,120,1,'0C8AZTODP4H7',NULL,'userProfile',0,0,120,0,'READ,TRUST,WRITE','$2a$12$3ke5rpx81DFfYlLXpQW6TOvTw2W8OkG.p5oFOmFsnmh7LVp11khna',0),(843498099048459,'2020-12-24 21:22:27','0',0,NULL,NULL,'2020-12-24 21:22:27','0',NULL,NULL,0,'ROLE_FRONTEND',0,'',120,0,120,1,'0C8AZTODP4H8',NULL,'rightRoleNotSufficientResourceId',0,0,120,0,'READ,TRUST,WRITE','$2a$12$5PlVPPijEbr69oYIdC9e2uvDzW7NPqxnoxU9aKFiemB2vG7UmaC1S',0),(843594578001960,'2020-12-27 00:29:26','0',0,NULL,NULL,'2020-12-27 00:29:26','0',NULL,NULL,0,'ROLE_FIRST_PARTY,ROLE_FRONTEND',1,'http://localhost:3000/account,http://localhost:3000/zh-Hans/account',120,1,120,0,'0C8AZTODP4H9',NULL,'bbs',0,0,120,0,'READ,WRITE','$2a$12$5PlVPPijEbr69oYIdC9e2uvDzW7NPqxnoxU9aKFiemB2vG7UmaC1S',0),(843512635457561,'2020-12-25 05:04:33','0',0,NULL,NULL,'2020-12-25 05:04:33','0',NULL,NULL,1,'ROLE_FIRST_PARTY,ROLE_BACKEND',0,'',120,0,120,0,'0C8AZTODP4I0',NULL,'resourceId',0,0,120,1,'READ,TRUST,WRITE','$2a$12$k73Ru5FaxyoX5NxQ775SxefRDY04HVvUNekQ.X/tBZJcsUuBUqiMS',0);
INSERT INTO resources_map (id,domain_id) VALUES(843509757116417,'0C8AZTODP4H4'),(843509757116417,'0C8AZTODP4H0'),(843509757116417,'0C8AZTODP4H6'),(843509757116417,'0C8AZTODP4HT'),(843509757116417,'0C8AZTODP4H7'),(843509757116417,'0C8AZYTQ5W5C'),(843509757116417,'0C8AZTODP4H1'),(843509757116417,'0C8AZTODP4H2'),(843511877861378,'0C8AZTODP4HT'),(843594578001923,'0C8AZTODP4H7'),(843594578001923,'0C8AZTODP4H6'),(843512635457539,'0C8AZTODP4H4'),(843512635457539,'0C8AZTODP4H6'),(843512635457539,'0C8AZTODP4HT'),(843512635457539,'0C8AZTODP4H7'),(843512635457539,'0C8AZYTQ5W5C'),(843498099048452,'0C8AZTODP4H3'),(843498099048452,'0C8AZTODP4H5'),(843498099048452,'0C8AZTODP4H6'),(843498099048452,'0C8AZTODP4H1'),(843498099048456,'0C8AZTODP4HT'),(843498099048458,'0C8AZTODP4H3'),(843498099048458,'0C8AZTODP4H5'),(843498099048458,'0C8AZTODP4H6'),(843498099048458,'0C8AZTODP4H1'),(843509306228737,'0C8AZTODP4HT'),(843498099048459,'0C8AZTODP4HT'),(843498099048450,'0C8AZTODP4H5'),(843498099048450,'0C8AZTODP4HT'),(843498099048450,'0C8AZYTQ5W5C'),(843594578001960,'0C8AZTODP4H4'),(843594578001960,'0C8AZTODP4H2'),(843512635457561,'0C8AZTODP4HT');

INSERT INTO endpoint (id,created_at,created_by,deleted,deleted_at,deleted_by,modified_at,modified_by,restored_at,restored_by,client_id,description,domain_id,expression,`method`,`path`,version) VALUES	 (0,NULL,NULL,0,NULL,NULL,NULL,NULL,NULL,NULL,'0C8AZTODP4HT',NULL,'0E8AZTODP400','hasRole(''ROLE_ROOT'') and #oauth2.hasScope(''TRUST'') and #oauth2.isUser()','GET','/auth-svc/clients/root',0),	 (1,NULL,NULL,0,NULL,NULL,NULL,NULL,NULL,NULL,'0C8AZTODP4HT',NULL,'0E8AZTODP401','hasRole(''ROLE_USER'') and #oauth2.hasScope(''WRITE'') and #oauth2.isUser()','GET','/auth-svc/clients/user',0),	 (2,NULL,NULL,0,NULL,NULL,NULL,NULL,NULL,NULL,'0C8AZTODP4HT',NULL,'0E8AZTODP402','hasRole(''ROLE_ROOT'') and #oauth2.hasScope(''TRUST'') and #oauth2.isUser()','POST','/auth-svc/clients/root',0),	 (3,NULL,NULL,0,NULL,NULL,NULL,NULL,NULL,NULL,'0C8AZTODP4HT',NULL,'0E8AZTODP403','hasRole(''ROLE_ROOT'') and #oauth2.hasScope(''TRUST'') and #oauth2.isUser()','PUT','/auth-svc/clients/root/**',0),	 (4,NULL,NULL,0,NULL,NULL,NULL,NULL,NULL,NULL,'0C8AZTODP4HT',NULL,'0E8AZTODP404','hasRole(''ROLE_ROOT'') and #oauth2.hasScope(''TRUST'') and #oauth2.isUser()','DELETE','/auth-svc/clients/root/**',0),	 (5,NULL,NULL,0,NULL,NULL,NULL,NULL,NULL,NULL,'0C8AZTODP4HT',NULL,'0E8AZTODP405','hasRole(''ROLE_FRONTEND'') and hasRole(''ROLE_FIRST_PARTY'') and #oauth2.hasScope(''WRITE'') and #oauth2.isClient()','POST','/auth-svc/users/app',0),	 (6,NULL,NULL,0,NULL,NULL,NULL,NULL,NULL,NULL,'0C8AZTODP4HT',NULL,'0E8AZTODP406','hasRole(''ROLE_ADMIN'') and #oauth2.hasScope(''TRUST'') and #oauth2.isUser()','GET','/auth-svc/users/admin',0),	 (7,NULL,NULL,0,NULL,NULL,NULL,NULL,NULL,NULL,'0C8AZTODP4HT',NULL,'0E8AZTODP407','hasRole(''ROLE_ADMIN'') and #oauth2.hasScope(''TRUST'') and #oauth2.isUser()','PUT','/auth-svc/users/admin/**',0),	 (8,NULL,NULL,0,NULL,NULL,NULL,NULL,NULL,NULL,'0C8AZTODP4HT',NULL,'0E8AZTODP408','hasRole(''ROLE_ROOT'') and #oauth2.hasScope(''TRUST'') and #oauth2.isUser()','DELETE','/auth-svc/users/admin/**',0),	 (9,NULL,NULL,0,NULL,NULL,NULL,NULL,NULL,NULL,'0C8AZTODP4HT',NULL,'0E8AZTODP409','hasRole(''ROLE_USER'') and #oauth2.hasScope(''TRUST'') and #oauth2.isUser()','PUT','/auth-svc/users/user/pwd',0);
INSERT INTO endpoint (id,created_at,created_by,deleted,deleted_at,deleted_by,modified_at,modified_by,restored_at,restored_by,client_id,description,domain_id,expression,`method`,`path`,version) VALUES	 (10,NULL,NULL,0,NULL,NULL,NULL,NULL,NULL,NULL,'0C8AZTODP4HT',NULL,'0E8AZTODP40A','hasRole(''ROLE_USER'') and #oauth2.hasScope(''TRUST'') and #oauth2.isUser()','POST','/auth-svc/authorize',0),	 (11,NULL,NULL,0,NULL,NULL,NULL,NULL,NULL,NULL,'0C8AZTODP4HT',NULL,'0E8AZTODP40B','hasRole(''ROLE_BACKEND'') and hasRole(''ROLE_FIRST_PARTY'') and #oauth2.hasScope(''READ'') and #oauth2.isClient()','GET','/auth-svc/users/app',0),	 (12,NULL,NULL,0,NULL,NULL,NULL,NULL,NULL,NULL,'0C8AZTODP4HT',NULL,'0E8AZTODP40C','hasRole(''ROLE_FRONTEND'') and hasRole(''ROLE_FIRST_PARTY'') and #oauth2.hasScope(''WRITE'') and #oauth2.isClient()','POST','/auth-svc/pending-users/app',0),	 (13,NULL,NULL,0,NULL,NULL,NULL,NULL,NULL,NULL,'0C8AZTODP4HT',NULL,'0E8AZTODP40D','hasRole(''ROLE_FRONTEND'') and hasRole(''ROLE_FIRST_PARTY'') and #oauth2.hasScope(''WRITE'') and #oauth2.isClient()','POST','/auth-svc/users/app/forgetPwd',0),	 (14,NULL,NULL,0,NULL,NULL,NULL,NULL,NULL,NULL,'0C8AZTODP4HT',NULL,'0E8AZTODP40E','hasRole(''ROLE_FRONTEND'') and hasRole(''ROLE_FIRST_PARTY'') and #oauth2.hasScope(''WRITE'') and #oauth2.isClient()','POST','/auth-svc/users/app/resetPwd',0),	 (15,NULL,NULL,0,NULL,NULL,NULL,NULL,NULL,NULL,'0C8AZTODP4HT',NULL,'0E8AZTODP40F',NULL,'POST','/auth-svc/oauth/token',0),	 (16,NULL,NULL,0,NULL,NULL,NULL,NULL,NULL,NULL,'0C8AZTODP4HT',NULL,'0E8AZTODP40G','(hasRole(''ROLE_ROOT'')) and #oauth2.hasScope(''TRUST'')','POST','/auth-svc/revoke-tokens/root',0),	 (17,NULL,NULL,0,NULL,NULL,NULL,NULL,NULL,NULL,'0C8AZTODP4HT',NULL,'0E8AZTODP40H','hasRole(''ROLE_ADMIN'') and #oauth2.hasScope(''TRUST'')','POST','/auth-svc/revoke-tokens/admin',0),	 (18,NULL,NULL,0,NULL,NULL,NULL,NULL,NULL,NULL,'0C8AZTODP4HT',NULL,'0E8AZTODP40I','hasRole(''ROLE_ROOT'') and #oauth2.hasScope(''TRUST'')','POST','/auth-svc/endpoints/root',0),	 (19,NULL,NULL,0,NULL,NULL,NULL,NULL,NULL,NULL,'0C8AZTODP4HT',NULL,'0E8AZTODP40J','hasRole(''ROLE_ROOT'') and #oauth2.hasScope(''TRUST'')','GET','/auth-svc/endpoints/root',0);
INSERT INTO endpoint (id,created_at,created_by,deleted,deleted_at,deleted_by,modified_at,modified_by,restored_at,restored_by,client_id,description,domain_id,expression,`method`,`path`,version) VALUES	 (20,NULL,NULL,0,NULL,NULL,NULL,NULL,NULL,NULL,'0C8AZTODP4HT',NULL,'0E8AZTODP40K','hasRole(''ROLE_ROOT'') and #oauth2.hasScope(''TRUST'')','PUT','/auth-svc/endpoints/root/**',0),	 (21,NULL,NULL,0,NULL,NULL,NULL,NULL,NULL,NULL,'0C8AZTODP4HT',NULL,'0E8AZTODP40L','hasRole(''ROLE_ROOT'') and #oauth2.hasScope(''TRUST'')','DELETE','/auth-svc/endpoints/root/**',0),	 (25,NULL,NULL,0,NULL,NULL,NULL,NULL,NULL,NULL,'0C8AZTODP4H7',NULL,'0E8AZTODP40M','hasRole(''ROLE_USER'') and #oauth2.hasScope(''TRUST'') and #oauth2.isUser()','GET','/profile-svc/addresses/user',0),	 (26,NULL,NULL,0,NULL,NULL,NULL,NULL,NULL,NULL,'0C8AZTODP4H7',NULL,'0E8AZTODP40N','hasRole(''ROLE_USER'') and #oauth2.hasScope(''TRUST'') and #oauth2.isUser()','GET','/profile-svc/addresses/user/**',0),	 (27,NULL,NULL,0,NULL,NULL,NULL,NULL,NULL,NULL,'0C8AZTODP4H7',NULL,'0E8AZTODP40O','hasRole(''ROLE_USER'') and #oauth2.hasScope(''TRUST'') and #oauth2.isUser()','POST','/profile-svc/addresses/user',0),	 (28,NULL,NULL,0,NULL,NULL,NULL,NULL,NULL,NULL,'0C8AZTODP4H7',NULL,'0E8AZTODP40P','hasRole(''ROLE_USER'') and #oauth2.hasScope(''TRUST'') and #oauth2.isUser()','PUT','/profile-svc/addresses/user/**',0),	 (29,NULL,NULL,0,NULL,NULL,NULL,NULL,NULL,NULL,'0C8AZTODP4H7',NULL,'0E8AZTODP40Q','hasRole(''ROLE_USER'') and #oauth2.hasScope(''TRUST'') and #oauth2.isUser()','DELETE','/profile-svc/addresses/user/**',0),	 (30,NULL,NULL,0,NULL,NULL,NULL,NULL,NULL,NULL,'0C8AZTODP4H7',NULL,'0E8AZTODP40R','hasRole(''ROLE_USER'') and #oauth2.hasScope(''TRUST'') and #oauth2.isUser()','PUT','/profile-svc/orders/user/**/confirm',0),	 (31,NULL,NULL,0,NULL,NULL,NULL,NULL,NULL,NULL,'0C8AZTODP4H7',NULL,'0E8AZTODP40S','hasRole(''ROLE_ADMIN'') and #oauth2.hasScope(''TRUST'') and #oauth2.isUser()','GET','/profile-svc/orders/admin',0),	 (32,NULL,NULL,0,NULL,NULL,NULL,NULL,NULL,NULL,'0C8AZTODP4H7',NULL,'0E8AZTODP40T','hasRole(''ROLE_USER'') and #oauth2.hasScope(''TRUST'') and #oauth2.isUser()','GET','/profile-svc/orders/user/**',0);
INSERT INTO endpoint (id,created_at,created_by,deleted,deleted_at,deleted_by,modified_at,modified_by,restored_at,restored_by,client_id,description,domain_id,expression,`method`,`path`,version) VALUES	 (33,NULL,NULL,0,NULL,NULL,NULL,NULL,NULL,NULL,'0C8AZTODP4H7',NULL,'0E8AZTODP40U','hasRole(''ROLE_USER'') and #oauth2.hasScope(''TRUST'') and #oauth2.isUser()','POST','/profile-svc/orders/user/**',0),	 (35,NULL,NULL,0,NULL,NULL,NULL,NULL,NULL,NULL,'0C8AZTODP4H7',NULL,'0E8AZTODP40V','hasRole(''ROLE_USER'') and #oauth2.hasScope(''TRUST'') and #oauth2.isUser()','DELETE','/profile-svc/orders/user/**',0),	 (36,NULL,NULL,0,NULL,NULL,NULL,NULL,NULL,NULL,'0C8AZTODP4H7',NULL,'0E8AZTODP40W','hasRole(''ROLE_USER'') and #oauth2.hasScope(''TRUST'') and #oauth2.isUser()','GET','/profile-svc/cart/user',0),	 (37,NULL,NULL,0,NULL,NULL,NULL,NULL,NULL,NULL,'0C8AZTODP4H7',NULL,'0E8AZTODP40X','hasRole(''ROLE_USER'') and #oauth2.hasScope(''TRUST'') and #oauth2.isUser()','POST','/profile-svc/cart/user',0),	 (39,NULL,NULL,0,NULL,NULL,NULL,NULL,NULL,NULL,'0C8AZTODP4H7',NULL,'0E8AZTODP40Y','hasRole(''ROLE_USER'') and #oauth2.hasScope(''TRUST'') and #oauth2.isUser()','DELETE','/profile-svc/cart/user/**',0),	 (41,NULL,NULL,0,NULL,NULL,NULL,NULL,NULL,NULL,'0C8AZTODP4H7',NULL,'0E8AZTODP40Z','hasRole(''ROLE_USER'') and #oauth2.hasScope(''TRUST'') and #oauth2.isUser()','PUT','/profile-svc/orders/user/**/reserve',0),	 (42,NULL,NULL,0,NULL,NULL,NULL,NULL,NULL,NULL,'0C8AZTODP4H6',NULL,'0E8AZTODP410','hasRole(''ROLE_ADMIN'') and #oauth2.hasScope(''TRUST'') and #oauth2.isUser()','POST','/product-svc/catalogs/admin',0),	 (43,NULL,NULL,0,NULL,NULL,NULL,NULL,NULL,NULL,'0C8AZTODP4H6',NULL,'0E8AZTODP411','hasRole(''ROLE_ADMIN'') and #oauth2.hasScope(''TRUST'') and #oauth2.isUser()','PUT','/product-svc/catalogs/admin/**',0),	 (44,NULL,NULL,0,NULL,NULL,NULL,NULL,NULL,NULL,'0C8AZTODP4H6',NULL,'0E8AZTODP412','hasRole(''ROLE_ADMIN'') and #oauth2.hasScope(''TRUST'') and #oauth2.isUser()','DELETE','/product-svc/catalogs/admin/**',0),	 (46,NULL,NULL,0,NULL,NULL,NULL,NULL,NULL,NULL,'0C8AZTODP4H6',NULL,'0E8AZTODP413','hasRole(''ROLE_BACKEND'') and #oauth2.hasScope(''TRUST'') and #oauth2.isClient()','PATCH','/product-svc/products/app',0);
INSERT INTO endpoint (id,created_at,created_by,deleted,deleted_at,deleted_by,modified_at,modified_by,restored_at,restored_by,client_id,description,domain_id,expression,`method`,`path`,version) VALUES	 (47,NULL,NULL,0,NULL,NULL,NULL,NULL,NULL,NULL,'0C8AZTODP4H6',NULL,'0E8AZTODP414','hasRole(''ROLE_ADMIN'') and #oauth2.hasScope(''TRUST'') and #oauth2.isUser()','POST','/product-svc/products/admin',0),	 (48,NULL,NULL,0,NULL,NULL,NULL,NULL,NULL,NULL,'0C8AZTODP4H6',NULL,'0E8AZTODP415','hasRole(''ROLE_ADMIN'') and #oauth2.hasScope(''TRUST'') and #oauth2.isUser()','PUT','/product-svc/products/admin/**',0),	 (49,NULL,NULL,0,NULL,NULL,NULL,NULL,NULL,NULL,'0C8AZTODP4H6',NULL,'0E8AZTODP416','hasRole(''ROLE_ADMIN'') and #oauth2.hasScope(''TRUST'') and #oauth2.isUser()','DELETE','/product-svc/products/admin/**',0),	 (52,NULL,NULL,0,NULL,NULL,NULL,NULL,NULL,NULL,'0C8AZTODP4H6',NULL,'0E8AZTODP417','hasRole(''ROLE_ADMIN'') and #oauth2.hasScope(''TRUST'') and #oauth2.isUser()','GET','/product-svc/products/admin/**',0),	 (53,NULL,NULL,0,NULL,NULL,NULL,NULL,NULL,NULL,'0C8AZTODP4H6',NULL,'0E8AZTODP418',NULL,'GET','/product-svc/catalogs/public',0),	 (54,NULL,NULL,0,NULL,NULL,NULL,NULL,NULL,NULL,'0C8AZTODP4H6',NULL,'0E8AZTODP419',NULL,'GET','/product-svc/products/public',0),	 (55,NULL,NULL,0,NULL,NULL,NULL,NULL,NULL,NULL,'0C8AZTODP4H6',NULL,'0E8AZTODP41A',NULL,'GET','/product-svc/products/public/**',0),	 (57,NULL,NULL,0,NULL,NULL,NULL,NULL,NULL,NULL,'0C8AZTODP4H5',NULL,'0E8AZTODP41B','hasRole(''ROLE_BACKEND'') and hasRole(''ROLE_FIRST_PARTY'') and #oauth2.hasScope(''TRUST'') and #oauth2.isClient()','POST','/messenger-svc/notifyBy/email/newOrder',0),	 (58,NULL,NULL,0,NULL,NULL,NULL,NULL,NULL,NULL,'0C8AZTODP4H5',NULL,'0E8AZTODP41C','hasRole(''ROLE_BACKEND'') and hasRole(''ROLE_FIRST_PARTY'') and #oauth2.hasScope(''TRUST'') and #oauth2.isClient()','POST','/messenger-svc/notifyBy/email/activationCode',0),	 (59,NULL,NULL,0,NULL,NULL,NULL,NULL,NULL,NULL,'0C8AZTODP4H5',NULL,'0E8AZTODP41D','hasRole(''ROLE_BACKEND'') and hasRole(''ROLE_FIRST_PARTY'') and #oauth2.hasScope(''TRUST'') and #oauth2.isClient()','POST','/messenger-svc/notifyBy/email/pwdReset',0);
INSERT INTO endpoint (id,created_at,created_by,deleted,deleted_at,deleted_by,modified_at,modified_by,restored_at,restored_by,client_id,description,domain_id,expression,`method`,`path`,version) VALUES	 (60,NULL,NULL,0,NULL,NULL,NULL,NULL,NULL,NULL,'0C8AZTODP4H4',NULL,'0E8AZTODP41E','hasRole(''ROLE_ADMIN'') and #oauth2.hasScope(''TRUST'') and #oauth2.hasScope(''WRITE'') and #oauth2.isUser()','POST','/file-upload-svc/files/app',0),	 (61,NULL,NULL,0,NULL,NULL,NULL,NULL,NULL,NULL,'0C8AZTODP4H4',NULL,'0E8AZTODP41F',NULL,'GET','/file-upload-svc/files/public/**',0),	 (62,NULL,NULL,0,NULL,NULL,NULL,NULL,NULL,NULL,'0C8AZTODP4H3',NULL,'0E8AZTODP41G','hasRole(''ROLE_BACKEND'') and #oauth2.hasScope(''TRUST'') and #oauth2.isClient()','POST','/payment-svc/paymentLink',0),	 (63,NULL,NULL,0,NULL,NULL,NULL,NULL,NULL,NULL,'0C8AZTODP4H3',NULL,'0E8AZTODP41H','hasRole(''ROLE_BACKEND'') and #oauth2.hasScope(''TRUST'') and #oauth2.isClient()','GET','/payment-svc/paymentStatus/**',0),	 (65,NULL,NULL,0,NULL,NULL,NULL,NULL,NULL,NULL,'0C8AZTODP4H2',NULL,'0E8AZTODP41I','hasRole(''ROLE_USER'') and #oauth2.hasScope(''TRUST'') and #oauth2.isUser()','GET','/bbs-svc/private/comments',0),	 (66,NULL,NULL,0,NULL,NULL,NULL,NULL,NULL,NULL,'0C8AZTODP4H2',NULL,'0E8AZTODP41J',NULL,'GET','/bbs-svc/public/posts/**/comments',0),	 (67,NULL,NULL,0,NULL,NULL,NULL,NULL,NULL,NULL,'0C8AZTODP4H2',NULL,'0E8AZTODP41K','hasRole(''ROLE_USER'') and #oauth2.hasScope(''TRUST'') and #oauth2.isUser()','POST','/bbs-svc/private/posts/**/comments',0),	 (68,NULL,NULL,0,NULL,NULL,NULL,NULL,NULL,NULL,'0C8AZTODP4H2',NULL,'0E8AZTODP41L','hasRole(''ROLE_USER'') and #oauth2.hasScope(''TRUST'') and #oauth2.isUser()','DELETE','/bbs-svc/private/comments/**',0),	 (69,NULL,NULL,0,NULL,NULL,NULL,NULL,NULL,NULL,'0C8AZTODP4H2',NULL,'0E8AZTODP41M',NULL,'GET','/bbs-svc/public/posts',0),	 (70,NULL,NULL,0,NULL,NULL,NULL,NULL,NULL,NULL,'0C8AZTODP4H2',NULL,'0E8AZTODP41N','hasRole(''ROLE_USER'') and #oauth2.hasScope(''TRUST'') and #oauth2.isUser()','GET','/bbs-svc/private/posts',0);
INSERT INTO endpoint (id,created_at,created_by,deleted,deleted_at,deleted_by,modified_at,modified_by,restored_at,restored_by,client_id,description,domain_id,expression,`method`,`path`,version) VALUES	 (71,NULL,NULL,0,NULL,NULL,NULL,NULL,NULL,NULL,'0C8AZTODP4H2',NULL,'0E8AZTODP41O','hasRole(''ROLE_USER'') and #oauth2.hasScope(''TRUST'') and #oauth2.isUser()','POST','/bbs-svc/private/posts',0),	 (72,NULL,NULL,0,NULL,NULL,NULL,NULL,NULL,NULL,'0C8AZTODP4H2',NULL,'0E8AZTODP41P',NULL,'GET','/bbs-svc/public/posts/**',0),	 (73,NULL,NULL,0,NULL,NULL,NULL,NULL,NULL,NULL,'0C8AZTODP4H2',NULL,'0E8AZTODP41Q','hasRole(''ROLE_USER'') and #oauth2.hasScope(''TRUST'') and #oauth2.isUser()','PUT','/bbs-svc/private/posts/**',0),	 (74,NULL,NULL,0,NULL,NULL,NULL,NULL,NULL,NULL,'0C8AZTODP4H2',NULL,'0E8AZTODP41R','hasRole(''ROLE_USER'') and #oauth2.hasScope(''TRUST'') and #oauth2.isUser()','DELETE','/bbs-svc/private/posts/**',0),	 (75,NULL,NULL,0,NULL,NULL,NULL,NULL,NULL,NULL,'0C8AZTODP4H2',NULL,'0E8AZTODP41S','hasRole(''ROLE_USER'') and #oauth2.hasScope(''TRUST'') and #oauth2.isUser()','POST','/bbs-svc/private/posts/**/likes',0),	 (76,NULL,NULL,0,NULL,NULL,NULL,NULL,NULL,NULL,'0C8AZTODP4H2',NULL,'0E8AZTODP41T','hasRole(''ROLE_USER'') and #oauth2.hasScope(''TRUST'') and #oauth2.isUser()','DELETE','/bbs-svc/private/posts/**/likes',0),	 (77,NULL,NULL,0,NULL,NULL,NULL,NULL,NULL,NULL,'0C8AZTODP4H2',NULL,'0E8AZTODP41U','hasRole(''ROLE_USER'') and #oauth2.hasScope(''TRUST'') and #oauth2.isUser()','POST','/bbs-svc/private/comments/**/likes',0),	 (78,NULL,NULL,0,NULL,NULL,NULL,NULL,NULL,NULL,'0C8AZTODP4H2',NULL,'0E8AZTODP41V','hasRole(''ROLE_USER'') and #oauth2.hasScope(''TRUST'') and #oauth2.isUser()','DELETE','/bbs-svc/private/comments/**/likes',0),	 (79,NULL,NULL,0,NULL,NULL,NULL,NULL,NULL,NULL,'0C8AZTODP4H2',NULL,'0E8AZTODP41W','hasRole(''ROLE_USER'') and #oauth2.hasScope(''TRUST'') and #oauth2.isUser()','POST','/bbs-svc/private/posts/**/dislikes',0),	 (80,NULL,NULL,0,NULL,NULL,NULL,NULL,NULL,NULL,'0C8AZTODP4H2',NULL,'0E8AZTODP41X','hasRole(''ROLE_USER'') and #oauth2.hasScope(''TRUST'') and #oauth2.isUser()','DELETE','/bbs-svc/private/posts/**/dislikes',0);
INSERT INTO endpoint (id,created_at,created_by,deleted,deleted_at,deleted_by,modified_at,modified_by,restored_at,restored_by,client_id,description,domain_id,expression,`method`,`path`,version) VALUES	 (81,NULL,NULL,0,NULL,NULL,NULL,NULL,NULL,NULL,'0C8AZTODP4H2',NULL,'0E8AZTODP41Y','hasRole(''ROLE_USER'') and #oauth2.hasScope(''TRUST'') and #oauth2.isUser()','POST','/bbs-svc/private/comments/**/dislikes',0),	 (82,NULL,NULL,0,NULL,NULL,NULL,NULL,NULL,NULL,'0C8AZTODP4H2',NULL,'0E8AZTODP41Z','hasRole(''ROLE_USER'') and #oauth2.hasScope(''TRUST'') and #oauth2.isUser()','DELETE','/bbs-svc/private/comments/**/dislikes',0),	 (83,NULL,NULL,0,NULL,NULL,NULL,NULL,NULL,NULL,'0C8AZTODP4H2',NULL,'0E8AZTODP420','hasRole(''ROLE_USER'') and #oauth2.hasScope(''TRUST'') and #oauth2.isUser()','POST','/bbs-svc/private/posts/**/reports',0),	 (84,NULL,NULL,0,NULL,NULL,NULL,NULL,NULL,NULL,'0C8AZTODP4H2',NULL,'0E8AZTODP421','hasRole(''ROLE_USER'') and #oauth2.hasScope(''TRUST'') and #oauth2.isUser()','DELETE','/bbs-svc/private/posts/**/reports',0),	 (85,NULL,NULL,0,NULL,NULL,NULL,NULL,NULL,NULL,'0C8AZTODP4H2',NULL,'0E8AZTODP422','hasRole(''ROLE_USER'') and #oauth2.hasScope(''TRUST'') and #oauth2.isUser()','POST','/bbs-svc/private/comments/**/reports',0),	 (86,NULL,NULL,0,NULL,NULL,NULL,NULL,NULL,NULL,'0C8AZTODP4H2',NULL,'0E8AZTODP423','hasRole(''ROLE_USER'') and #oauth2.hasScope(''TRUST'') and #oauth2.isUser()','DELETE','/bbs-svc/private/comments/**/reports',0),	 (87,NULL,NULL,0,NULL,NULL,NULL,NULL,NULL,NULL,'0C8AZTODP4H2',NULL,'0E8AZTODP424','hasRole(''ROLE_USER'') and #oauth2.hasScope(''TRUST'') and #oauth2.isUser()','POST','/bbs-svc/private/posts/**/notInterested',0),	 (88,NULL,NULL,0,NULL,NULL,NULL,NULL,NULL,NULL,'0C8AZTODP4H2',NULL,'0E8AZTODP425','hasRole(''ROLE_USER'') and #oauth2.hasScope(''TRUST'') and #oauth2.isUser()','DELETE','/bbs-svc/private/posts/**/notInterested',0),	 (89,NULL,NULL,0,NULL,NULL,NULL,NULL,NULL,NULL,'0C8AZTODP4H2',NULL,'0E8AZTODP426','hasRole(''ROLE_USER'') and #oauth2.hasScope(''TRUST'') and #oauth2.isUser()','POST','/bbs-svc/private/comments/**/notInterested',0),	 (90,NULL,NULL,0,NULL,NULL,NULL,NULL,NULL,NULL,'0C8AZTODP4H2',NULL,'0E8AZTODP427','hasRole(''ROLE_USER'') and #oauth2.hasScope(''TRUST'') and #oauth2.isUser()','DELETE','/bbs-svc/private/comments/**/notInterested',0);
INSERT INTO endpoint (id,created_at,created_by,deleted,deleted_at,deleted_by,modified_at,modified_by,restored_at,restored_by,client_id,description,domain_id,expression,`method`,`path`,version) VALUES	 (91,NULL,NULL,0,NULL,NULL,NULL,NULL,NULL,NULL,'0C8AZTODP4H2',NULL,'0E8AZTODP428','hasRole(''ROLE_ADMIN'') and #oauth2.hasScope(''TRUST'') and #oauth2.isUser()','GET','/bbs-svc/admin/posts',0),	 (92,NULL,NULL,0,NULL,NULL,NULL,NULL,NULL,NULL,'0C8AZTODP4H2',NULL,'0E8AZTODP429','hasRole(''ROLE_ADMIN'') and #oauth2.hasScope(''TRUST'') and #oauth2.isUser()','DELETE','/bbs-svc/admin/posts/**',0),	 (93,NULL,NULL,0,NULL,NULL,NULL,NULL,NULL,NULL,'0C8AZTODP4H2',NULL,'0E8AZTODP42A','hasRole(''ROLE_ADMIN'') and #oauth2.hasScope(''TRUST'') and #oauth2.isUser()','GET','/bbs-svc/admin/comments',0),	 (94,NULL,NULL,0,NULL,NULL,NULL,NULL,NULL,NULL,'0C8AZTODP4H2',NULL,'0E8AZTODP42B','hasRole(''ROLE_ADMIN'') and #oauth2.hasScope(''TRUST'') and #oauth2.isUser()','DELETE','/bbs-svc/admin/comments/**',0),	 (95,NULL,NULL,0,NULL,NULL,NULL,NULL,NULL,NULL,'0C8AZTODP4H2',NULL,'0E8AZTODP42C','hasRole(''ROLE_ADMIN'') and #oauth2.hasScope(''TRUST'') and #oauth2.isUser()','GET','/bbs-svc/admin/likes',0),	 (96,NULL,NULL,0,NULL,NULL,NULL,NULL,NULL,NULL,'0C8AZTODP4H2',NULL,'0E8AZTODP42D','hasRole(''ROLE_ADMIN'') and #oauth2.hasScope(''TRUST'') and #oauth2.isUser()','GET','/bbs-svc/admin/dislikes',0),	 (97,NULL,NULL,0,NULL,NULL,NULL,NULL,NULL,NULL,'0C8AZTODP4H2',NULL,'0E8AZTODP42E','hasRole(''ROLE_ADMIN'') and #oauth2.hasScope(''TRUST'') and #oauth2.isUser()','GET','/bbs-svc/admin/reports',0),	 (98,NULL,NULL,0,NULL,NULL,NULL,NULL,NULL,NULL,'0C8AZTODP4H2',NULL,'0E8AZTODP42F','hasRole(''ROLE_ADMIN'') and #oauth2.hasScope(''TRUST'') and #oauth2.isUser()','GET','/bbs-svc/admin/notInterested',0),	 (99,NULL,NULL,0,NULL,NULL,NULL,NULL,NULL,NULL,'0C8AZTODP4H7',NULL,'0E8AZTODP42G','hasRole(''ROLE_USER'') and #oauth2.hasScope(''TRUST'') and #oauth2.isUser()','GET','/profile-svc/profiles/orders/id',0),	 (100,NULL,NULL,0,NULL,NULL,NULL,NULL,NULL,NULL,'0C8AZTODP4H7',NULL,'0E8AZTODP42H','hasRole(''ROLE_USER'') and #oauth2.hasScope(''TRUST'') and #oauth2.isUser()','GET','/profile-svc/profiles/orders/scheduler/resubmit',0);
INSERT INTO endpoint (id,created_at,created_by,deleted,deleted_at,deleted_by,modified_at,modified_by,restored_at,restored_by,client_id,description,domain_id,expression,`method`,`path`,version) VALUES	 (101,NULL,NULL,0,NULL,NULL,NULL,NULL,NULL,NULL,'0C8AZTODP4H6',NULL,'0E8AZTODP42I','hasRole(''ROLE_ADMIN'') and #oauth2.hasScope(''TRUST'') and #oauth2.isUser()','GET','/product-svc/catalogs/admin',0),	 (103,NULL,NULL,0,NULL,NULL,NULL,NULL,NULL,NULL,'0C8AZTODP4H6',NULL,'0E8AZTODP42J','hasRole(''ROLE_ADMIN'') and #oauth2.hasScope(''TRUST'') and #oauth2.isUser()','GET','/product-svc/products/admin',0),	 (105,NULL,NULL,0,NULL,NULL,NULL,NULL,NULL,NULL,'0C8AZTODP4H6',NULL,'0E8AZTODP42K','hasRole(''ROLE_ADMIN'') and #oauth2.hasScope(''TRUST'') and #oauth2.isUser()','GET','/product-svc/attributes/admin',0),	 (106,NULL,NULL,0,NULL,NULL,NULL,NULL,NULL,NULL,'0C8AZTODP4H6',NULL,'0E8AZTODP42L','hasRole(''ROLE_ADMIN'') and #oauth2.hasScope(''TRUST'') and #oauth2.isUser()','POST','/product-svc/attributes/admin',0),	 (107,NULL,NULL,0,NULL,NULL,NULL,NULL,NULL,NULL,'0C8AZTODP4H6',NULL,'0E8AZTODP42M','hasRole(''ROLE_ADMIN'') and #oauth2.hasScope(''TRUST'') and #oauth2.isUser()','PUT','/product-svc/attributes/admin/**',0),	 (108,NULL,NULL,0,NULL,NULL,NULL,NULL,NULL,NULL,'0C8AZTODP4H6',NULL,'0E8AZTODP42N','hasRole(''ROLE_ADMIN'') and #oauth2.hasScope(''TRUST'') and #oauth2.isUser()','DELETE','/product-svc/attributes/admin/**',0),	 (109,NULL,NULL,0,NULL,NULL,NULL,NULL,NULL,NULL,'0C8AZTODP4H6',NULL,'0E8AZTODP42O','hasRole(''ROLE_ADMIN'') and #oauth2.hasScope(''TRUST'') and #oauth2.isUser()','GET','/product-svc/filters/admin',0),	 (110,NULL,NULL,0,NULL,NULL,NULL,NULL,NULL,NULL,'0C8AZTODP4H6',NULL,'0E8AZTODP42P','hasRole(''ROLE_ADMIN'') and #oauth2.hasScope(''TRUST'') and #oauth2.isUser()','GET','/product-svc/filters/admin/**',0),	 (111,NULL,NULL,0,NULL,NULL,NULL,NULL,NULL,NULL,'0C8AZTODP4H6',NULL,'0E8AZTODP42Q','hasRole(''ROLE_ADMIN'') and #oauth2.hasScope(''TRUST'') and #oauth2.isUser()','POST','/product-svc/filters/admin',0),	 (112,NULL,NULL,0,NULL,NULL,NULL,NULL,NULL,NULL,'0C8AZTODP4H6',NULL,'0E8AZTODP42R','hasRole(''ROLE_ADMIN'') and #oauth2.hasScope(''TRUST'') and #oauth2.isUser()','PUT','/product-svc/filters/admin/**',0);
INSERT INTO endpoint (id,created_at,created_by,deleted,deleted_at,deleted_by,modified_at,modified_by,restored_at,restored_by,client_id,description,domain_id,expression,`method`,`path`,version) VALUES	 (113,NULL,NULL,0,NULL,NULL,NULL,NULL,NULL,NULL,'0C8AZTODP4H6',NULL,'0E8AZTODP42S','hasRole(''ROLE_ADMIN'') and #oauth2.hasScope(''TRUST'') and #oauth2.isUser()','DELETE','/product-svc/filters/admin/**',0),	 (114,NULL,NULL,0,NULL,NULL,NULL,NULL,NULL,NULL,'0C8AZTODP4H6',NULL,'0E8AZTODP42T',NULL,'GET','/product-svc/filters/public',0),	 (116,NULL,NULL,0,NULL,NULL,NULL,NULL,NULL,NULL,'0C8AZTODP4H6',NULL,'0E8AZTODP42U','hasRole(''ROLE_ADMIN'') and #oauth2.hasScope(''TRUST'') and #oauth2.isUser()','GET','/product-svc/attributes/admin/**',0),	 (117,NULL,NULL,0,NULL,NULL,NULL,NULL,NULL,NULL,'0C8AZTODP4H6',NULL,'0E8AZTODP42V','hasRole(''ROLE_ADMIN'') and #oauth2.hasScope(''TRUST'') and #oauth2.isUser()','GET','/product-svc/catalogs/admin/**',0),	 (118,NULL,NULL,0,NULL,NULL,NULL,NULL,NULL,NULL,'0C8AZTODP4H6',NULL,'0E8AZTODP42W','hasRole(''ROLE_ADMIN'') and #oauth2.hasScope(''TRUST'') and #oauth2.isUser()','PATCH','/product-svc/products/admin/**',0),	 (119,NULL,NULL,0,NULL,NULL,NULL,NULL,NULL,NULL,'0C8AZTODP4H6',NULL,'0E8AZTODP42X','hasRole(''ROLE_ADMIN'') and #oauth2.hasScope(''TRUST'') and #oauth2.isUser()','PATCH','/product-svc/products/admin',0),	 (120,NULL,NULL,0,NULL,NULL,NULL,NULL,NULL,NULL,'0C8AZTODP4H6',NULL,'0E8AZTODP42Y','hasRole(''ROLE_ADMIN'') and #oauth2.hasScope(''TRUST'') and #oauth2.isUser()','DELETE','/product-svc/products/admin',0),	 (121,NULL,NULL,0,NULL,NULL,NULL,NULL,NULL,NULL,'0C8AZTODP4H6',NULL,'0E8AZTODP42Z','hasRole(''ROLE_BACKEND'') and #oauth2.hasScope(''TRUST'') and #oauth2.isClient()','GET','/product-svc/products/app',0),	 (123,NULL,NULL,0,NULL,NULL,NULL,NULL,NULL,NULL,'0C8AZTODP4H6',NULL,'0E8AZTODP430','hasRole(''ROLE_ADMIN'') and #oauth2.hasScope(''TRUST'') and #oauth2.isUser()','PATCH','/product-svc/attributes/admin/**',0),	 (124,NULL,NULL,0,NULL,NULL,NULL,NULL,NULL,NULL,'0C8AZTODP4H6',NULL,'0E8AZTODP431','hasRole(''ROLE_ADMIN'') and #oauth2.hasScope(''TRUST'') and #oauth2.isUser()','PATCH','/product-svc/catalogs/admin/**',0);
INSERT INTO endpoint (id,created_at,created_by,deleted,deleted_at,deleted_by,modified_at,modified_by,restored_at,restored_by,client_id,description,domain_id,expression,`method`,`path`,version) VALUES	 (125,NULL,NULL,0,NULL,NULL,NULL,NULL,NULL,NULL,'0C8AZTODP4HT',NULL,'0E8AZTODP432','hasRole(''ROLE_ROOT'') and #oauth2.hasScope(''TRUST'') and #oauth2.isUser()','GET','/auth-svc/clients/root/**',0),	 (126,NULL,NULL,0,NULL,NULL,NULL,NULL,NULL,NULL,'0C8AZTODP4HT',NULL,'0E8AZTODP433','hasRole(''ROLE_ROOT'') and #oauth2.hasScope(''TRUST'') and #oauth2.isUser()','PATCH','/auth-svc/clients/root/**',0),	 (127,NULL,NULL,0,NULL,NULL,NULL,NULL,NULL,NULL,'0C8AZTODP4HT',NULL,'0E8AZTODP434','hasRole(''ROLE_ADMIN'') and #oauth2.hasScope(''TRUST'') and #oauth2.isUser()','GET','/auth-svc/users/admin/**',0),	 (128,NULL,NULL,0,NULL,NULL,NULL,NULL,NULL,NULL,'0C8AZTODP4HT',NULL,'0E8AZTODP435','hasRole(''ROLE_ROOT'') and #oauth2.hasScope(''TRUST'')','GET','/auth-svc/endpoints/root/**',0),(130,NULL,NULL,0,NULL,NULL,NULL,NULL,NULL,NULL,'0C8AZTODP4HT',NULL,'0E8AZTODP437','hasRole(''ROLE_ADMIN'') and #oauth2.hasScope(''TRUST'') and #oauth2.isUser()','PATCH','/auth-svc/users/admin/**',0),	 (131,NULL,NULL,0,NULL,NULL,NULL,NULL,NULL,NULL,'0C8AZTODP4HT',NULL,'0E8AZTODP438','hasRole(''ROLE_ADMIN'') and #oauth2.hasScope(''TRUST'') and #oauth2.isUser()','PATCH','/auth-svc/users/admin',0),	 (132,NULL,NULL,0,NULL,NULL,NULL,NULL,NULL,NULL,'0C8AZTODP4HT',NULL,'0E8AZTODP439','hasRole(''ROLE_ROOT'') and #oauth2.hasScope(''TRUST'')','DELETE','/auth-svc/endpoints/root',0),	 (133,NULL,NULL,0,NULL,NULL,NULL,NULL,NULL,NULL,'0C8AZTODP4H6',NULL,'0E8AZTODP43A','hasRole(''ROLE_ADMIN'') and #oauth2.hasScope(''TRUST'') and #oauth2.isUser()','DELETE','/product-svc/catalogs/admin',0),	 (134,NULL,NULL,0,NULL,NULL,NULL,NULL,NULL,NULL,'0C8AZTODP4H6',NULL,'0E8AZTODP43B','hasRole(''ROLE_ADMIN'') and #oauth2.hasScope(''TRUST'') and #oauth2.isUser()','DELETE','/product-svc/attributes/admin',0);
INSERT INTO endpoint (id,created_at,created_by,deleted,deleted_at,deleted_by,modified_at,modified_by,restored_at,restored_by,client_id,description,domain_id,expression,`method`,`path`,version) VALUES	 (135,NULL,NULL,0,NULL,NULL,NULL,NULL,NULL,NULL,'0C8AZTODP4H6',NULL,'0E8AZTODP43C','hasRole(''ROLE_ADMIN'') and #oauth2.hasScope(''TRUST'') and #oauth2.isUser()','PATCH','/product-svc/filters/admin/**',0),	 (136,NULL,NULL,0,NULL,NULL,NULL,NULL,NULL,NULL,'0C8AZTODP4H6',NULL,'0E8AZTODP43D','hasRole(''ROLE_ADMIN'') and #oauth2.hasScope(''TRUST'') and #oauth2.isUser()','DELETE','/product-svc/filters/admin',0),	 (137,NULL,NULL,0,NULL,NULL,NULL,NULL,NULL,NULL,'0C8AZTODP4HT',NULL,'0E8AZTODP43E','hasRole(''ROLE_ROOT'') and #oauth2.hasScope(''TRUST'')','PATCH','/auth-svc/endpoints/root/**',0),	 (138,NULL,NULL,0,NULL,NULL,NULL,NULL,NULL,NULL,'0C8AZTODP4HT',NULL,'0E8AZTODP43F','hasRole(''ROLE_ROOT'') and #oauth2.hasScope(''TRUST'') and #oauth2.isUser()','DELETE','/product-svc/products/change/root/**',0),	 (139,NULL,NULL,0,NULL,NULL,NULL,NULL,NULL,NULL,'0C8AZTODP4HT',NULL,'0E8AZTODP43G','hasRole(''ROLE_ADMIN'') and #oauth2.hasScope(''TRUST'') and #oauth2.isUser()','DELETE','/product-svc/products/change/admin/**',0),	 (141,NULL,NULL,0,NULL,NULL,NULL,NULL,NULL,NULL,'0C8AZTODP4HT',NULL,'0E8AZTODP43H','hasRole(''ROLE_ROOT'') and #oauth2.hasScope(''TRUST'') and #oauth2.isUser()','DELETE','/auth-svc/changes/root/**',0),	 (143,NULL,NULL,0,NULL,NULL,NULL,NULL,NULL,NULL,'0C8AZTODP4HT',NULL,'0E8AZTODP43I','hasRole(''ROLE_ROOT'') and #oauth2.hasScope(''TRUST'') and #oauth2.isUser()','GET','/auth-svc/changes/root',0),(147,NULL,NULL,0,NULL,NULL,NULL,NULL,NULL,NULL,'0C8AZTODP4H6',NULL,'0E8AZTODP43L','hasRole(''ROLE_ROOT'') and #oauth2.hasScope(''TRUST'') and #oauth2.isUser()','GET','/product-svc/changes/root',0);
INSERT INTO endpoint (id,created_at,created_by,deleted,deleted_at,deleted_by,modified_at,modified_by,restored_at,restored_by,client_id,description,domain_id,expression,`method`,`path`,version) VALUES	 (148,NULL,NULL,0,NULL,NULL,NULL,NULL,NULL,NULL,'0C8AZTODP4H6',NULL,'0E8AZTODP43M','hasRole(''ROLE_ROOT'') and #oauth2.hasScope(''TRUST'') and #oauth2.isUser()','DELETE','/product-svc/changes/root/**',0),	 (149,NULL,NULL,0,NULL,NULL,NULL,NULL,NULL,NULL,'0C8AZTODP4HT',NULL,'0E8AZTODP43N','(hasRole(''ROLE_ROOT'')) and #oauth2.hasScope(''TRUST'')','GET','/auth-svc/revoke-tokens/root',0),	 (150,NULL,NULL,0,NULL,NULL,NULL,NULL,NULL,NULL,'0C8AZTODP4H6',NULL,'0E8AZTODP43O','hasRole(''ROLE_ADMIN'') and #oauth2.hasScope(''TRUST'') and #oauth2.isUser()','GET','/product-svc/skus/admin',0),	 (151,NULL,NULL,0,NULL,NULL,NULL,NULL,NULL,NULL,'0C8AZTODP4H6',NULL,'0E8AZTODP43P','hasRole(''ROLE_ADMIN'') and #oauth2.hasScope(''TRUST'') and #oauth2.isUser()','GET','/product-svc/skus/admin/**',0),	 (152,NULL,NULL,0,NULL,NULL,NULL,NULL,NULL,NULL,'0C8AZTODP4H6',NULL,'0E8AZTODP43Q','hasRole(''ROLE_ADMIN'') and #oauth2.hasScope(''TRUST'') and #oauth2.isUser()','POST','/product-svc/skus/admin',0),	 (153,NULL,NULL,0,NULL,NULL,NULL,NULL,NULL,NULL,'0C8AZTODP4H6',NULL,'0E8AZTODP43R','hasRole(''ROLE_ADMIN'') and #oauth2.hasScope(''TRUST'') and #oauth2.isUser()','PATCH','/product-svc/skus/admin',0),	 (154,NULL,NULL,0,NULL,NULL,NULL,NULL,NULL,NULL,'0C8AZTODP4H6',NULL,'0E8AZTODP43S','hasRole(''ROLE_ADMIN'') and #oauth2.hasScope(''TRUST'') and #oauth2.isUser()','PATCH','/product-svc/skus/admin/**',0),	 (155,NULL,NULL,0,NULL,NULL,NULL,NULL,NULL,NULL,'0C8AZTODP4H6',NULL,'0E8AZTODP43T','hasRole(''ROLE_ADMIN'') and #oauth2.hasScope(''TRUST'') and #oauth2.isUser()','DELETE','/product-svc/skus/admin/**',0),	 (156,NULL,NULL,0,NULL,NULL,NULL,NULL,NULL,NULL,'0C8AZTODP4H6',NULL,'0E8AZTODP43U','hasRole(''ROLE_ADMIN'') and #oauth2.hasScope(''TRUST'') and #oauth2.isUser()','DELETE','/product-svc/skus/admin',0),	 (157,NULL,NULL,0,NULL,NULL,NULL,NULL,NULL,NULL,'0C8AZTODP4H6',NULL,'0E8AZTODP43V','hasRole(''ROLE_ADMIN'') and #oauth2.hasScope(''TRUST'') and #oauth2.isUser()','PUT','/product-svc/skus/admin/**',0);
INSERT INTO endpoint (id,created_at,created_by,deleted,deleted_at,deleted_by,modified_at,modified_by,restored_at,restored_by,client_id,description,domain_id,expression,`method`,`path`,version) VALUES	 (158,NULL,NULL,0,NULL,NULL,NULL,NULL,NULL,NULL,'0C8AZTODP4H6',NULL,'0E8AZTODP43W','hasRole(''ROLE_BACKEND'') and #oauth2.hasScope(''TRUST'') and #oauth2.isClient()','DELETE','/product-svc/changes/app',0),	 (161,NULL,NULL,0,NULL,NULL,NULL,NULL,NULL,NULL,'0C8AZTODP4H7',NULL,'0E8AZTODP43X','hasRole(''ROLE_ADMIN'') and #oauth2.hasScope(''TRUST'') and #oauth2.isUser()','GET','/profile-svc/orders/admin/**',0),	 (162,NULL,NULL,0,NULL,NULL,NULL,NULL,NULL,NULL,'0C8AZTODP4H7',NULL,'0E8AZTODP43Y','hasRole(''ROLE_USER'') and #oauth2.hasScope(''TRUST'') and #oauth2.isUser()','GET','/profile-svc/orders/user',0),	 (163,NULL,NULL,0,NULL,NULL,NULL,NULL,NULL,NULL,'0C8AZTODP4H7',NULL,'0E8AZTODP43Z','hasRole(''ROLE_ADMIN'') and #oauth2.hasScope(''TRUST'') and #oauth2.isUser()','GET','/profile-svc/addresses/admin',0),	 (164,NULL,NULL,0,NULL,NULL,NULL,NULL,NULL,NULL,'0C8AZTODP4H7',NULL,'0E8AZTODP440','hasRole(''ROLE_ADMIN'') and #oauth2.hasScope(''TRUST'') and #oauth2.isUser()','GET','/profile-svc/addresses/admin/**',0),	 (165,NULL,NULL,0,NULL,NULL,NULL,NULL,NULL,NULL,'0C8AZTODP4H7',NULL,'0E8AZTODP441','hasRole(''ROLE_BACKEND'') and hasRole(''ROLE_FIRST_PARTY'') and #oauth2.hasScope(''TRUST'') and #oauth2.isClient()','POST','/profile-svc/orders/app/validate',0),	 (166,NULL,NULL,0,NULL,NULL,NULL,NULL,NULL,NULL,'0C8AZTODP4H7',NULL,'0E8AZTODP442','hasRole(''ROLE_BACKEND'') and hasRole(''ROLE_FIRST_PARTY'') and #oauth2.hasScope(''TRUST'') and #oauth2.isClient()','PUT','/profile-svc/orders/app/**',0),	 (167,NULL,NULL,0,NULL,NULL,NULL,NULL,NULL,NULL,'0C8AZTODP4H7',NULL,'0E8AZTODP443','hasRole(''ROLE_USER'') and #oauth2.hasScope(''TRUST'') and #oauth2.isUser()','PUT','/profile-svc/orders/user/**',0),	 (168,NULL,NULL,0,NULL,NULL,NULL,NULL,NULL,NULL,'0C8AZTODP4H1',NULL,'0E8AZTODP444','hasRole(''ROLE_BACKEND'') and hasRole(''ROLE_FIRST_PARTY'') and #oauth2.hasScope(''TRUST'') and #oauth2.isClient()','POST','/saga-svc/sm/app',0),	 (169,NULL,NULL,0,NULL,NULL,NULL,NULL,NULL,NULL,'0C8AZTODP4H7',NULL,'0E8AZTODP445','hasRole(''ROLE_BACKEND'') and hasRole(''ROLE_FIRST_PARTY'') and #oauth2.hasScope(''TRUST'') and #oauth2.isClient()','POST','/profile-svc/orders/app',0);
INSERT INTO endpoint (id,created_at,created_by,deleted,deleted_at,deleted_by,modified_at,modified_by,restored_at,restored_by,client_id,description,domain_id,expression,`method`,`path`,version) VALUES	 (170,NULL,NULL,0,NULL,NULL,NULL,NULL,NULL,NULL,'0C8AZTODP4H1',NULL,'0E8AZTODP446','hasRole(''ROLE_ADMIN'') and #oauth2.hasScope(''TRUST'') and #oauth2.isUser()','GET','/saga-svc/tasks/admin',0),	 (171,NULL,NULL,0,NULL,NULL,NULL,NULL,NULL,NULL,'0C8AZTODP4H7',NULL,'0E8AZTODP447','hasRole(''ROLE_BACKEND'') and hasRole(''ROLE_FIRST_PARTY'') and #oauth2.hasScope(''TRUST'') and #oauth2.isClient()','DELETE','/profile-svc/cart/app',0),	 (172,NULL,NULL,0,NULL,NULL,NULL,NULL,NULL,NULL,'0C8AZTODP4H7',NULL,'0E8AZTODP448','hasRole(''ROLE_BACKEND'') and #oauth2.hasScope(''TRUST'') and #oauth2.isClient()','DELETE','/profile-svc/changes/app',0),	 (173,NULL,NULL,0,NULL,NULL,NULL,NULL,NULL,NULL,'0C8AZTODP4H3',NULL,'0E8AZTODP449','hasRole(''ROLE_BACKEND'') and #oauth2.hasScope(''TRUST'') and #oauth2.isClient()','DELETE','/payment-svc/changes/app',0),	 (174,NULL,NULL,0,NULL,NULL,NULL,NULL,NULL,NULL,'0C8AZTODP4H7',NULL,'0E8AZTODP44A','hasRole(''ROLE_ROOT'') and #oauth2.hasScope(''TRUST'') and #oauth2.isUser()','GET','/profile-svc/changes/root/**',0),	 (175,NULL,NULL,0,NULL,NULL,NULL,NULL,NULL,NULL,'0C8AZTODP4H3',NULL,'0E8AZTODP44B','hasRole(''ROLE_ROOT'') and #oauth2.hasScope(''TRUST'') and #oauth2.isUser()','GET','/payment-svc/changes/root/**',0),	 (176,NULL,NULL,0,NULL,NULL,NULL,NULL,NULL,NULL,'0C8AZTODP4H0',NULL,'0E8AZTODP44C','hasRole(''ROLE_ADMIN'') and #oauth2.hasScope(''TRUST'') and #oauth2.isUser()','POST','/object-svc/events/admin/**',0),	 (177,NULL,NULL,0,NULL,NULL,NULL,NULL,NULL,NULL,'0C8AZTODP4H0',NULL,'0E8AZTODP44D','hasRole(''ROLE_ADMIN'') and #oauth2.hasScope(''TRUST'') and #oauth2.isUser()','GET','/object-svc/events/admin/**',0),	 (178,NULL,NULL,0,NULL,NULL,NULL,NULL,NULL,NULL,'0C8AZTODP4H0',NULL,'0E8AZTODP44E','hasRole(''ROLE_ADMIN'') and #oauth2.hasScope(''TRUST'') and #oauth2.isUser()','PUT','/object-svc/events/admin/**',0),	 (179,NULL,NULL,0,NULL,NULL,NULL,NULL,NULL,NULL,'0C8AZTODP4H0',NULL,'0E8AZTODP44F','hasRole(''ROLE_ADMIN'') and #oauth2.hasScope(''TRUST'') and #oauth2.isUser()','DELETE','/object-svc/events/admin/**',0);